game_episode,end_x,end_y
153363_1,64.44956847890828,11.82423780920151
153363_2,26.232012272222143,49.900131573593896
153363_6,31.08754631583255,62.98404417446346
153363_7,54.80875440880497,6.294259505899083
153363_8,80.69858984962485,8.555893708710748
153363_9,73.99590562652071,66.45863762420991
153363_10,66.27328473910441,7.458243072083036
153363_12,72.11915419282758,6.584271721455988
153363_13,32.897923055795026,64.48980737156343
153363_15,71.96272647772038,11.100781961969064
153363_16,50.735764581325974,7.774084751057174
153363_17,70.86218691087723,61.588278933331154
153363_18,95.87778624276436,29.831013029416365
153363_19,36.53201699021999,11.464502031692703
153363_20,80.51524108819903,13.60836264594865
153363_21,66.31318395850406,11.924473572475181
153363_22,73.10032659853468,46.72888245593137
153363_23,54.27443343357515,8.468759030422643
153363_24,68.16291424864451,38.206544408002365
153363_26,56.62505680000149,47.963990547344586
153363_27,58.56281768241876,57.750765959715004
153363_28,70.33025035878605,2.5289151111263894
153363_29,90.76098643545743,41.81814378322542
153363_30,98.36928829293839,41.903790956524816
153363_31,87.098864599624,32.080801137797
153363_32,50.96044742029332,18.670486753731716
153363_33,85.94551846199309,52.63415509904275
153363_34,81.96131421667384,43.00364022005027
153363_35,42.68520853775344,32.739544088478524
153363_36,92.46112842852514,28.790788775998607
153363_37,82.58352358958004,10.106142766642087
153363_38,79.80964159092683,2.1201264699999998
153363_41,62.74511588111203,51.920589157904885
153363_43,76.61758692136242,7.275301161568779
153363_44,87.2228772739314,9.091318279829569
153363_47,64.02908611968229,5.292172103868855
153363_48,39.29151873526708,60.4177427888402
153363_49,70.95191825789382,9.816338682363018
153363_50,64.97268911538627,63.807638498197875
153363_51,85.79247749084259,13.961309274735813
153363_52,77.65737241375177,13.949996259068389
153363_53,60.024288173288014,60.983724293708406
153363_54,72.35619414411921,63.67528130145739
153363_56,77.05096018095557,17.283997318667126
153363_57,44.631133748533856,53.08372005377252
153363_58,71.83548109721812,62.29542354337771
153363_59,83.5483251114855,14.57390127335907
153363_60,53.83736077422125,43.13603504515956
153363_61,49.646833430641365,58.09470053512101
153363_62,83.8394668979294,44.95255180204847
153363_64,85.93250532248368,7.445004668661829
153363_65,92.9551633712374,18.73224961765206
153363_66,25.337132249846793,64.47368122692586
153363_67,85.41918264835067,51.89983477448223
153363_68,76.41148731379644,34.234016257213824
153363_69,38.15567126858225,60.05423032130308
153363_70,88.18588590203912,13.275489214116803
153363_71,85.13992792317235,50.04910798471461
153363_72,44.57509081418708,63.44355541037626
153363_73,20.06651025573992,4.115422894214868
153363_74,75.4982370316775,12.901121368705063
153363_75,88.55018987022946,42.95442309882116
153363_76,56.30137677951009,61.79338790394238
153363_77,38.55667340633327,7.641012221025322
153363_79,66.86362277076536,13.665861890170822
153363_80,41.63830431919114,36.1998451708344
153363_81,62.72917292110398,60.672715562266326
153363_82,90.599905752507,17.196563525075153
153363_83,28.64309280362503,18.87797478660368
153363_84,56.76621664403144,11.053311636440746
153363_85,89.2090655079548,10.551739059132156
153363_86,79.08742281491591,14.721004019266301
153364_1,54.65183738586678,45.26651317634708
153364_2,46.40541364429684,58.722336397139586
153364_3,37.99964790876856,31.320492977163628
153364_4,52.95801598049614,54.532568620150144
153364_5,35.01733308334923,10.657373355669725
153364_6,59.02427455228167,5.415208792682147
153364_7,66.32190850709776,4.4699582581812205
153364_8,81.83688185474857,34.35082587863195
153364_9,88.75862352373211,40.4091450189591
153364_10,67.09269006441755,7.848997669897826
153364_11,82.03467806123912,6.374719111203537
153364_12,70.24997365190404,9.826370392462508
153364_14,86.59050477637956,44.03065278425768
153364_15,52.39564590413897,11.623428761709024
153364_16,41.60747712644867,41.60522108248539
153364_17,81.68617049850472,21.521125512078473
153364_18,84.31596990590648,5.234936259563153
153364_19,82.90160559952653,41.95735880783798
153364_20,46.959737653462085,42.57345064002055
153364_21,76.13802775132007,66.47506641835389
153364_22,94.8142412853369,9.992286764654455
153364_23,67.69249121535069,9.447678939598559
153364_24,76.17482507660213,46.33310081129411
153364_25,75.95080943873677,13.6387086332945
153364_26,56.84357537527339,8.90392757028394
153364_27,45.62221158544886,60.531797491303436
153364_28,87.18377542878955,58.186688674298445
153364_29,37.71811272001911,5.153817916317497
153364_30,42.05870111719425,48.94467158794495
153364_31,85.64492379290827,19.999831529500934
153364_32,64.72397930374729,62.21319490356334
153364_33,38.064882694265506,3.751071857980258
153364_34,65.87021642679845,6.897566424059404
153364_36,77.97340882583137,55.38481401254911
153364_37,45.15242210230713,5.721817510330197
153364_38,87.71623121622966,32.91719021729781
153364_39,69.60828672057698,60.92302932313014
153364_40,65.08398341936669,35.536289772268205
153364_41,59.11643167765733,50.73316837394201
153364_42,77.95724716257885,3.250166224988798
153364_43,57.11432477702772,57.587468361215016
153364_44,79.19254390730521,35.12839067647914
153364_45,68.94672460806872,56.17941836893857
153364_46,87.60786851031625,5.471781347578611
153364_47,76.0406306666897,9.88608957746401
153364_48,99.26536254124989,35.94071251184496
153364_49,71.08658772725211,24.993526486300276
153364_50,46.730111737466544,6.330057834410876
153364_52,27.05970205011814,3.8969306174207836
153364_53,56.52036293143418,4.553950508800545
153364_54,70.04473754273684,65.52845397160351
153364_55,78.98793801959947,61.06853087990233
153364_56,84.16503889317323,63.59761318166696
153364_57,81.60057774766992,19.952941182565617
153364_58,67.76825091515208,9.225795309005814
153364_59,78.77604831050124,17.765008074030888
153364_61,85.89072450630943,27.17039306311964
153364_62,72.21080252236685,64.56886761244377
153364_63,84.56865399278144,49.43195743919587
153364_65,82.24356899110629,49.666547218910765
153364_66,91.52532102297825,61.42692888336662
153364_67,58.97327905044491,37.600069720977
153364_68,57.276642963599556,7.300334876222097
153364_69,78.29144349277254,51.09887687582122
153364_70,26.521255682807002,2.8895101527590246
153364_71,85.88163579833619,56.13512184238394
153364_73,58.418911290629495,47.5882080789268
153364_74,92.31264570493587,29.57704209923877
153364_75,78.3336968785141,63.52173957625634
153364_76,85.8757740248434,38.48324930357917
153364_78,80.489967166432,8.948606172084569
153364_79,52.514918730396424,65.10744332195797
153364_80,64.2355355280301,9.011712096908859
153364_81,81.46643540281615,57.8843676712049
153364_82,89.08063401701658,39.46585300102623
153364_84,67.31311594381583,61.603085561465434
153364_85,77.92230935673771,14.409257110982377
153364_86,67.63171402460685,48.20293638339754
153365_1,37.352004207649436,65.55695629471563
153365_2,79.20254595800384,33.42837713403534
153365_3,21.510145435810244,61.356955816219426
153365_4,64.40910114389814,2.064526822542984
153365_5,44.08726888809114,52.630468513413525
153365_6,76.01580784959899,59.488274265703154
153365_7,65.04603360888305,51.23262722873939
153365_8,71.65189699963832,31.69328453866053
153365_9,51.192019470208265,13.111920817017563
153365_10,35.92827330824215,64.79446308439864
153365_11,44.40370917774247,12.842791643129438
153365_12,22.63749315566832,65.58824900179407
153365_13,44.769628287116944,64.51905576474655
153365_14,65.54285041327624,64.09401644637359
153365_15,44.56952268134208,18.711295094928353
153365_16,24.972235400103052,2.54591365
153365_17,82.53648420453365,21.616239025067266
153365_20,88.31763533178083,15.787718247434338
153365_21,80.4546671690924,19.437837657133382
153365_23,73.0630777735748,11.130598675836135
153365_24,87.60409839737817,58.11522725260291
153365_25,93.292776522694,54.18689252941124
153365_26,16.645662838015575,4.524562787872105
153365_28,87.04170569995976,35.306863226122125
153365_29,75.67322669914884,39.01544611328352
153365_30,76.5849282057459,47.87173597278738
153365_31,93.18040549036553,32.2438413674988
153365_32,63.07046679917002,34.23124709697244
153365_33,42.584555585003514,5.7988712093162444
153365_34,50.11936395586525,65.25986103207327
153365_35,78.22618406897038,8.130266781067114
153365_36,42.22398170422255,59.79464257185501
153365_37,82.91252175030557,6.34735801925861
153365_38,95.27312844567876,14.087034042036251
153365_39,45.749736655760486,63.568533861491545
153365_40,93.62656579661208,40.05310053332078
153365_41,50.11819404449968,8.643519377839098
153365_42,59.527408420460006,64.57906587870116
153365_43,74.14239800079915,45.00546078605799
153365_44,64.9334495129315,16.481573085246502
153365_45,80.46842187952494,14.854939652731186
153365_46,90.18915986488514,46.141994524587005
153365_47,86.60843905374571,31.252309341702784
153365_48,87.40442738988304,47.77586264677317
153365_49,36.295289603806076,56.57918014588947
153365_50,71.16929784963246,55.44312173378165
153365_51,92.66039602214724,46.07781024670564
153365_53,23.036986021408936,53.66271732383119
153365_54,34.11256126593843,65.6772834315124
153365_55,40.34247927339966,7.880144530245056
153365_56,88.37502724897676,7.437215522388591
153365_57,94.9819574331346,26.005968999077417
153365_58,66.42053896376378,12.577281884352205
153365_59,92.07915317359667,2.6954760898881207
153365_60,88.0475002582771,2.443939666576645
153365_61,18.091884792693428,58.364955665394305
153365_62,92.72682198738656,61.659135452133874
153365_64,59.362441737968226,60.9459686067638
153365_65,43.69777627001966,1.3516928059494613
153365_66,71.30159909727014,14.237780635511893
153365_68,89.55871452383792,30.981802183191647
153365_69,24.841689432545387,65.76352274999999
153365_70,72.60498772108352,62.96252409195134
153365_71,15.995277967675632,59.37153924175814
153365_72,90.44899177186599,38.24800138146631
153365_73,94.89262117959551,38.15544331247262
153365_74,71.82382949728824,18.696972951325904
153365_75,36.05460292722167,22.49342864539284
153365_76,55.06214515949659,48.59164906324932
153365_77,91.07198401034124,19.483489247324574
153365_79,82.22642643818486,3.628849057570898
153365_80,88.01008443007095,30.126979366010055
153365_82,72.53352700897454,5.443430387790002
153365_83,24.767675950058212,45.84656836952965
153365_84,90.676054,17.188590973315353
153365_85,67.26500184356114,17.21801465967476
153365_86,80.31763745961925,54.9592456737233
153365_89,66.295330642395,11.439761910200513
153365_90,89.74191687474422,48.863958464436664
153365_91,77.4949641410305,5.720317528869242
153365_92,85.7189482185688,7.556478869457398
153365_93,90.05995756303568,18.057346838206133
153366_1,90.60910946105992,51.67748633232523
153366_3,92.705502373803,27.6770078243067
153366_4,45.62612587912953,62.51763018395907
153366_5,35.739568332865474,5.197507841916188
153366_6,83.16942971599408,61.17143469328505
153366_7,40.58561758997565,54.02406786454066
153366_8,51.36473584258492,5.728624686883009
153366_9,43.713602492277616,12.747778828324709
153366_10,72.0977229133028,18.234561014907335
153366_11,80.76545531230549,12.930795128976888
153366_12,70.92193362568744,58.92229879341758
153366_13,51.410201366054565,12.232343431429598
153366_14,88.34881657309037,62.08413336831603
153366_15,91.66621985258712,28.09087129441974
153366_16,50.38138086982977,58.77107929187362
153366_17,19.45116147485546,65.00161437853293
153366_18,73.4219834782991,3.4288434244710517
153366_19,73.6627046537171,12.37344473131181
153366_20,79.55294827921026,55.775701137551
153366_21,36.69787677949838,55.620905412752535
153366_22,66.71562746073253,63.125409668426144
153366_23,34.340451884596874,13.992208962055724
153366_24,68.37727662400104,58.69429430423053
153366_25,76.42809110439796,65.03561960600518
153366_27,93.33192103449359,12.407845576084357
153366_28,72.04204393614651,57.811093968350875
153366_29,44.39303454757047,34.2002004845155
153366_30,80.38871827715606,7.173206700059469
153366_31,33.43795229450619,45.33926419991097
153366_32,87.1236225918592,6.080101748591002
153366_33,98.25655139085657,36.91980827600997
153366_35,83.56845261854949,58.817495065723506
153366_36,85.4585977880097,50.93344652772146
153366_37,62.26591682355448,4.572621815388271
153366_38,42.0561329254368,6.692249914676055
153366_39,38.721867932397494,43.73994057351004
153366_40,80.95431153564721,9.41331960861637
153366_41,38.981379944594764,66.81940625
153366_42,85.54442869704894,26.976962859244477
153366_43,92.62946453780131,54.71043285192091
153366_44,45.116783866378036,50.28632395065996
153366_46,89.0406843348674,50.981718195139266
153366_47,62.36013602485917,61.630691539155094
153366_48,87.34079702887969,49.47142235255272
153366_49,94.19049796456683,63.79314777152341
153366_50,53.137297808092995,19.425550608540238
153366_51,87.27613568145087,63.41404706196508
153366_52,61.69369778716141,65.98109693240818
153366_53,64.77536395732491,4.2104919785699195
153366_54,93.78267241135673,30.761370290973993
153366_55,71.70043539419393,10.486095446930435
153366_56,94.2569661372687,50.50165545286895
153366_57,80.2705518689739,60.38362880296661
153366_58,76.33747680026404,46.80454090410484
153366_59,73.3310806617684,46.66036229548275
153366_60,91.49704880164572,43.20270601811666
153366_61,73.23491881052388,60.16417078201353
153366_62,85.61442593468044,64.45485214526192
153366_64,85.13898482992552,58.54438197134585
153366_65,69.68265326447789,52.549302989603326
153366_66,89.59007565138833,3.62658013870785
153366_67,69.60483261741037,52.56994662860274
153366_68,77.76656977960744,5.895535477613907
153366_69,88.43966261327587,58.89554702302385
153366_71,88.07256705655762,61.11398647051549
153366_72,88.32388356145604,8.995748404624969
153366_73,87.11620109151755,51.56886626312266
153366_74,33.413609118839304,64.74982014308291
153366_75,62.35714603729714,4.922661021248054
153366_76,60.597076568862406,20.09309927438492
153366_77,42.72637965088911,58.26317301837835
153366_78,79.04136356136988,32.0965041609377
153366_79,95.11908165627237,55.99413335353928
153366_80,54.8420753932013,59.81076383885903
153366_81,65.73335094637494,8.21853268501386
153366_82,50.789630332438136,17.054211005290338
153366_83,47.4053958152913,40.161902080297644
153366_84,90.11047725454878,51.91327540380842
153366_85,63.105978183343375,65.60876694513628
153366_86,90.2612194065195,7.5101287798905485
153366_88,67.43593514317598,62.63613492027086
153366_89,43.287247211481436,65.70696635012658
153366_90,63.71392239245307,52.43393261532523
153366_92,33.19441221852084,40.749977877800326
153366_93,81.51282106214282,15.346677501703578
153366_94,40.507523665332585,61.744338138805134
153366_95,77.91613203422426,65.1491030371686
153367_1,71.79484224099598,9.265746376712169
153367_2,56.08565011873638,54.99580318252637
153367_3,72.82554140865646,5.937020801646998
153367_4,86.4282778806425,4.070850943143768
153367_7,55.86465781711624,62.9166170430195
153367_8,52.81140039262689,39.79123261347551
153367_9,82.63642181657714,60.60556427025649
153367_10,45.04387952568941,58.8709371751817
153367_11,57.192350242077914,65.1460302735174
153367_12,78.97350846102105,43.374071702131175
153367_13,47.22351264775063,50.73070147606728
153367_14,90.93409306131579,5.927576147837661
153367_16,92.87245018721984,49.58095399835768
153367_17,61.10661913295726,4.706072199794717
153367_18,63.60230816935865,64.5309090792786
153367_19,68.46255075174267,43.18938321290205
153367_21,38.48723073705078,64.09297237315138
153367_22,33.18356306013393,65.15635297540477
153367_24,40.55427816243455,9.74538032075131
153367_25,77.15331507372946,6.832025824874482
153367_26,81.05793839892193,58.55968759009575
153367_27,51.104146503767296,27.481468138380613
153367_28,36.64016377504588,10.48338521604379
153367_30,29.813555559877003,56.38819255415973
153367_31,66.8925164662855,0.8894301149999999
153367_32,91.16600865399435,53.13243476687296
153367_33,59.37310545776097,15.991891562895976
153367_34,87.15535595079002,16.91419696269316
153367_35,58.594668911733514,53.04296225870702
153367_36,73.90921126429053,12.4377853779153
153367_37,93.0309877124577,47.75691062131479
153367_38,93.3454410852428,11.992110467249363
153367_39,95.21469859223319,54.380251970138524
153367_40,34.499569935136876,8.135693366756973
153367_41,61.08065427987244,50.280486384864915
153367_42,24.36691705786178,64.88464492510295
153367_43,66.12998417507632,14.002128958070397
153367_44,46.71412651000284,7.914735145922462
153367_45,53.07860144654328,66.14818255377912
153367_46,91.70357085617879,52.80740861380768
153367_47,58.3932582241944,5.779937274737787
153367_48,57.55045442942155,2.530733341379509
153367_49,89.44874332770003,33.775220124167944
153367_50,63.7933642826449,65.76821180687331
153367_51,89.1400039823704,40.5689170299141
153367_52,33.56267110049807,58.240967011659194
153367_53,86.04659870832884,41.13769825421828
153367_54,91.14475614874085,59.07807129964304
153367_55,63.782552996990574,16.666718981242543
153367_56,80.90476958626846,61.85510973304511
153367_58,77.53976081211884,17.12172196749499
153367_59,28.003852437776104,2.9272883017545928
153367_60,38.59393491353948,63.51827264236205
153367_61,90.77569406977932,9.673980825493437
153367_62,48.539583696606606,56.84983610354989
153367_63,5.186189613975678,31.218032324639402
153367_64,98.50251843582384,37.67674750445401
153367_65,84.21732813917241,50.672195909250036
153367_66,96.32037791505292,52.018899385783754
153367_67,32.34164333602255,58.872152180246445
153367_68,75.43149223432812,57.239488707973365
153367_69,81.79475864289579,65.4656206
153367_70,90.23277448183842,63.90639131843851
153367_71,67.98205522243613,5.627402499177637
153367_72,89.17096970709629,36.386534112492015
153367_73,25.51815194206344,63.07568912827611
153367_74,77.83164203107839,15.037088419341806
153367_75,62.863009508926,58.95593485137907
153367_76,32.5475263757783,4.166414020384486
153367_77,93.11338812910829,36.00170003681814
153367_78,46.41807967080955,13.358791606968156
153367_79,38.58617219505969,16.742520897443473
153367_80,52.190526408294275,33.253936484513396
153367_81,86.88229050490007,60.69973363838636
153367_82,48.09147815037771,5.619073313649609
153367_83,67.63761389227054,61.108004439760336
153367_84,63.96054816197588,63.858592701851734
153367_85,39.09344245185571,64.79052493153365
153367_87,86.50578090346393,26.880739471288663
153367_89,88.85406998717524,9.05977110546758
153367_90,85.0641700419701,61.799369204728976
153367_92,61.07857288840466,61.587260296723926
153367_93,89.50814187416415,8.157287252949347
153367_94,85.44548346072602,45.09231860856631
153367_95,89.58384027608267,45.812100521045224
153367_96,81.0174057424006,52.35612929147575
153367_97,20.397725148831267,2.073158422912453
153367_98,66.48842279492432,2.76589663
153367_99,94.1333490192805,45.96690059888547
153367_101,91.66536227362033,41.272219657594746
153367_102,50.665205317857605,46.91024906341079
153367_103,22.11390464777508,8.96818727008092
153367_104,89.6027056915694,60.81453859900232
153367_106,85.55812433200308,23.871004090600447
153367_107,68.02682041524481,50.8339698658114
153367_108,42.41939499045462,12.874497041996845
153367_109,47.411221731900795,27.107919844023925
153367_110,70.32511563980405,65.08364425081001
153367_111,71.57010464851939,49.48928189071408
153368_1,80.49515764441371,45.28590771184735
153368_2,55.07541886305243,56.329554406566146
153368_3,84.00111616165239,28.61855615509569
153368_4,72.54362050601539,46.40477359403807
153368_5,81.81175672651999,47.85454911125757
153368_8,77.49591690590451,58.287524554406644
153368_9,82.3425410184396,64.87907708784522
153368_10,74.45841337543891,58.51454779109616
153368_11,84.72616246087256,11.347407412286278
153368_12,64.42959028639967,5.70411553242288
153368_14,90.85861156856556,49.52682813516813
153368_15,77.1582089380181,19.263203708013457
153368_16,70.53212208919965,5.940395337407106
153368_17,35.03694916474255,6.00589009701862
153368_18,33.24758770731998,5.864917414654661
153368_19,80.11011283038268,10.9222593680559
153368_20,82.67851999679664,52.91275483805948
153368_21,86.82494728497245,52.067161083753845
153368_22,57.84076050436913,39.8267484654072
153368_25,84.27926205560678,48.161623416567124
153368_26,49.63522193322478,3.2055003143516214
153368_27,44.901837150002784,5.361475769025782
153368_28,69.55226445908039,62.66339185772428
153368_29,92.08009820071595,30.646541902266016
153368_30,72.18995798900198,5.9861859453966195
153368_31,83.85236379665788,6.624490644073723
153368_32,75.21764580960881,56.64399115670709
153368_33,61.71406002438424,63.14053469563339
153368_34,90.86296829717686,18.42623152846475
153368_36,70.0739703301671,60.361571121893505
153368_37,38.78035671518799,27.24600298142856
153368_38,54.77057101319743,60.353433641533925
153368_39,86.67796938110348,62.05602159566703
153368_41,69.87065443345372,36.98688377933419
153368_42,90.3170966669274,30.644266114789545
153368_44,77.20954405469861,53.208168606227446
153368_45,90.30588278077701,22.018353557666643
153368_46,88.41817479937873,57.866463557026684
153368_47,66.39228336025234,59.76086148751189
153368_48,74.49095857374559,53.44569070362092
153368_49,91.33304363636437,15.228950763377693
153368_51,57.943567201792405,13.903003822224349
153368_52,68.86803210950771,45.301980975670844
153368_53,30.19446911322205,63.92369772637741
153368_54,86.84703757597089,30.028352950559004
153368_55,45.265592750761556,8.262429115042092
153368_57,80.3011491515237,22.728050418811932
153368_58,73.08603470608007,61.19564400424758
153368_59,77.3829171352226,10.657104299269685
153368_60,79.85160718022638,29.370101072892673
153368_61,78.86919703639668,6.992798887817278
153368_62,10.867108425890343,63.58966544170056
153368_63,27.79000413370187,65.66540574928901
153368_64,80.87843485184125,57.37212296405737
153368_65,86.1736593420746,40.51224387939895
153368_66,36.97888056897668,25.102518950626806
153368_68,58.40884938928389,4.473594470839663
153368_69,93.54972156594268,51.068184501373324
153368_70,94.61679421732502,51.203809890872165
153368_71,87.3526804968756,53.46456571000424
153368_73,88.61341502277682,45.085439518200985
153368_74,79.49859713584866,6.24108163159752
153368_75,38.226673888051494,59.579279921774614
153368_76,89.0098811336544,46.365187927124296
153368_77,87.80362732073215,50.46265256024881
153368_78,88.83066896696008,5.509021624684051
153368_79,43.51021292145182,66.49924360217645
153368_80,87.36519339526295,30.71084594710343
153368_81,88.60485670813866,29.77189322952104
153368_82,85.51654455602987,51.55025976699517
153368_84,87.85859097494189,47.528701367594394
153368_85,68.96808044308236,31.76197869923123
153368_86,79.84298697872045,11.724092589578504
153369_1,87.97752569348363,53.74756424835451
153369_2,91.27410839171867,44.488173545661
153369_3,90.99942765358061,64.48298308943833
153369_4,17.16482472561156,3.4284708378911164
153369_5,11.05480831990227,66.28075135
153369_7,83.08242692571608,21.938573668024603
153369_10,42.341320859324945,66.291741
153369_11,92.60208573482578,11.164542761845262
153369_12,90.9164349534607,43.50117746501712
153369_13,93.87806878349174,33.43798445760262
153369_14,40.69300394784349,66.01857856489563
153369_15,86.40566526918772,40.68697788640159
153369_16,76.35070421346157,63.476906201549426
153369_17,82.63550554131194,42.29207786083218
153369_18,65.42971520415985,5.727935265205964
153369_19,85.84379764199335,13.812120477747492
153369_20,69.48917087741218,62.487514757908826
153369_21,35.44842716731528,55.7896989102187
153369_22,59.64131709088807,65.47755631536916
153369_23,75.60772131378383,60.82453971916714
153369_24,69.08528873744417,64.38887165089098
153369_25,69.564213678758,16.375448309586552
153369_26,79.58350190549895,59.72580384890184
153369_27,87.98985029631503,27.286832277586974
153369_28,79.79976640251977,12.927875703897795
153369_29,71.16469175117037,43.339867022195214
153369_30,80.19425787517642,6.977429727607289
153369_31,82.83415278079977,23.96310460591961
153369_33,38.176997186844375,55.08803030378965
153369_34,83.06029350111284,64.16900102494952
153369_35,93.56029011860912,27.879818909738297
153369_37,80.8612550089621,6.875800740780479
153369_38,88.09345589336334,7.132845655827575
153369_39,76.87889827270189,3.963607415913932
153369_41,93.96469946775781,33.233033892274946
153369_42,69.42079158976831,19.82072747509955
153369_43,54.65545015605228,3.3662576814334555
153369_44,86.49957419361537,56.52952294666845
153369_45,60.40930023279345,8.305043460884793
153369_46,88.84870482938025,32.03866587245123
153369_50,88.81146170633424,13.193076569713918
153369_51,47.22129030869736,60.56327641691035
153369_52,81.20986070167649,60.36669279909214
153369_54,78.24200854511295,49.526012420053554
153369_55,60.00780801075652,10.479307553847256
153369_56,74.95192367222367,12.093608116353872
153369_57,84.164580510038,4.858328816069648
153369_58,34.24273224097121,7.890742356094822
153369_60,92.88428776200955,14.107668005649439
153369_62,91.95088072891147,61.90745456829548
153369_63,46.78136818817393,63.67293441167486
153369_65,55.51822299305891,5.898844790734098
153369_66,87.99580655732754,9.803019270277723
153369_67,97.98074158957543,37.5931760398313
153369_68,90.16116196600613,48.99955909611933
153369_69,82.43193624180611,24.454898028233362
153369_70,85.04340034805655,13.641525965636724
153369_71,64.41706737317404,9.958159782642607
153369_72,84.00179048191363,18.790840713704966
153369_73,22.490158155789864,63.44747601215996
153369_76,15.970548707876562,8.903249710680118
153369_77,73.28553399511569,5.711977621907083
153369_78,45.53680772713461,14.478485707901534
153369_80,72.02942339320902,61.69109674623938
153369_82,41.846577332389124,2.134824007405962
153369_83,85.08249073696557,47.32427674575076
153369_84,88.56282419121705,9.410020568069129
153369_85,82.68277960108767,56.90778580610264
153369_86,97.56094994735422,27.638313578048553
153369_88,79.94862562780946,40.621214738714784
153370_1,69.08908394706248,32.99702675490948
153370_2,38.75068918279132,3.900195263860908
153370_3,67.38841089843464,13.93403858183688
153370_4,60.28743932816007,3.0075494883876517
153370_5,90.88056378834229,25.82873193195536
153370_6,70.38785410296964,2.428455744528339
153370_7,26.883336180569266,37.535521156027556
153370_8,95.44050646670956,29.988539686459536
153370_9,48.5015435719761,52.734467464328944
153370_10,74.24058819002136,44.80647192946456
153370_11,68.08367104420238,32.88653064130314
153370_12,77.13845964155517,54.44337697523793
153370_13,67.65412998954005,60.926462015070065
153370_14,93.76593271047574,22.87361178796968
153370_16,55.04698117002104,1.5640690099999999
153370_17,39.55701702012559,61.68333104933936
153370_18,73.36804079913247,18.67452039993806
153370_19,74.75002286433892,6.520347919610447
153370_20,70.35587426330645,62.67119206436909
153370_21,49.46992725633056,39.932845734889725
153370_22,82.75884143596356,19.301879017178948
153370_23,65.33546271198543,10.575559881153648
153370_24,50.14288680705434,25.121957978355358
153370_25,81.35814971412756,52.31371416726836
153370_26,64.66576383934073,5.3107944994799645
153370_27,78.72011846375167,12.768016977153941
153370_28,86.97728341260768,10.961346880546547
153370_30,67.84312768031258,56.87220789083936
153370_31,81.2163297273088,23.30958102816227
153370_32,55.1298045060477,50.91665371136325
153370_33,93.02250209801835,47.42917642127671
153370_35,66.57036639196345,50.6053602252156
153370_36,89.04670862399286,8.143960157659027
153370_37,47.265607506677725,59.76198299789344
153370_38,21.65321597691006,63.363859845504535
153370_39,36.2745221412979,23.204317105055015
153370_40,82.25891080170834,63.88384960175979
153370_41,91.57557138218613,7.903880426708202
153370_42,23.55981284832908,60.96010879203668
153370_43,94.84848960717673,19.705867340369117
153370_44,18.497794825836586,2.132470517848842
153370_45,87.14393369683991,26.20707036619386
153370_46,85.1309470523932,7.204839965572148
153370_47,93.22415488758755,12.926273487397763
153370_49,58.05342792520915,25.2893841700352
153370_50,49.84165096254553,37.800917416034
153370_51,70.56452820598899,45.14059813957339
153370_53,9.751921899998514,59.513232359465135
153370_54,70.86240659767367,59.13965963979077
153370_55,36.29941599899575,62.15881763722935
153370_56,27.114393165537976,65.38963354274944
153370_57,56.23476656968579,20.632248723796316
153370_58,82.19340675650487,36.28560559127188
153370_59,84.47661931226645,16.205748668032548
153370_60,88.46321815507432,5.638991862469197
153370_61,94.14552584977412,47.345783594250804
153370_63,74.19936091045271,4.4613736324758735
153370_64,89.61300449681536,55.88543603353612
153370_65,90.26110766184765,8.15270092198245
153370_66,62.45291754403377,6.722422940711238
153370_67,79.49694493334822,12.387227931129424
153370_68,82.08124916396754,33.03019947120303
153370_69,35.15286567941333,58.167631550261554
153370_70,31.29857347076529,6.514838756592715
153370_71,59.3558460611927,41.85894237626078
153370_72,59.0190911410336,6.84171847398526
153370_73,70.90881415820708,62.294135043301345
153370_74,39.754268912440914,2.005626105
153370_75,80.77685590183098,19.716542685006104
153370_76,90.81184852071117,10.275029255349237
153370_78,61.90390786737271,40.61980253655392
153370_79,41.61893439592998,33.6589753070767
153370_80,64.39081213163819,13.050496169977944
153370_81,60.368784563034254,42.71885345610892
153370_83,76.99329073439839,41.295240030074794
153370_85,49.832003238519064,14.829424602076188
153370_86,78.53310075480199,9.539990143964808
153370_88,41.09697848587486,38.78218553026659
153370_89,89.12411461748866,11.23779817695714
153370_90,89.00577835112718,43.77194328661022
153370_91,92.26295692492039,31.090649922155734
153370_92,75.5241059377974,65.20220475553023
153371_1,69.02197813546505,5.259255020667371
153371_2,23.965959171836534,3.6066382263067975
153371_3,68.73338969750239,11.037929985691973
153371_4,72.09222837048303,64.58290808150365
153371_5,72.58374343068789,60.32711734307229
153371_6,91.0403262243876,62.51711034658258
153371_7,47.26521389542095,15.276403684390958
153371_8,81.45489426773207,12.777247732669812
153371_9,62.675749225881134,6.191726786378784
153371_10,53.770855048507286,4.79749139726116
153371_11,72.72249589907531,7.652755367156894
153371_12,74.60130017270092,62.744103640370156
153371_13,77.69613219803973,50.45013413250537
153371_14,93.6514788251524,29.124815120402562
153371_15,66.56569318983884,32.33371946653942
153371_16,71.88376167447538,60.51462467550809
153371_17,66.6024645561115,29.361243221451574
153371_18,68.3858083508604,51.043057895376435
153371_19,45.20820064556169,58.15759115614256
153371_20,73.83347115912275,15.649553034661075
153371_21,62.419119477210785,7.397221654788648
153371_22,39.02117117292286,2.0041028699999996
153371_23,68.63498905278445,64.29387431939207
153371_24,96.37278915671256,46.08189760941915
153371_25,93.84428676986496,32.172685531999
153371_26,50.979532519899635,12.89787182483968
153371_27,56.46272627283324,36.66848343017088
153371_28,91.32555946033898,11.06140886091925
153371_29,66.7283679944291,23.685940687301695
153371_30,83.69568048393756,25.78844998166121
153371_31,58.93457984102112,66.0635652912419
153371_32,86.48317056906353,57.219738843365334
153371_34,96.91022451913925,30.12447041269428
153371_35,57.88893961264792,16.122640975767894
153371_36,80.18883666988104,12.07471579413691
153371_37,90.19881187559523,6.2286529504988275
153371_38,89.93715175817239,18.029564693782103
153371_39,14.382607048138416,52.64664731414658
153371_40,64.18463933609841,38.059669890412366
153371_41,88.7821905391144,24.644303761130004
153371_42,93.59668241736699,47.18175064105928
153371_43,29.90753380413755,6.381006065131907
153371_44,58.50008333632289,53.063675011239546
153371_45,77.09516242851166,5.4080316803296675
153371_48,44.73468604160239,10.995762142378421
153371_49,86.12366655691822,34.655424010216684
153371_50,73.08066478163715,12.537432291005317
153371_51,75.85674000716125,61.82031012697915
153371_52,88.33305437993984,59.18759370577924
153371_53,78.77938583305081,41.64790474192522
153371_54,50.140998338041435,11.1168487997602
153371_55,86.00806557306399,20.638715304644037
153371_56,46.76204506243783,63.13177962287736
153371_57,71.55766143255133,61.14533274411235
153371_58,71.63918577524372,7.380896593151
153371_60,92.1377861082215,43.18965274585471
153371_61,90.53061382407937,58.47862653916508
153371_62,91.8519733984929,54.66057406629547
153371_63,57.928412077558335,9.629950355067056
153371_64,64.44221293151091,61.45062098452931
153371_65,37.679248528008294,5.196060588278785
153371_66,58.371664644615436,42.70672889099123
153371_67,85.35362847834381,62.83859385481451
153371_68,90.98477990452531,52.957143420770436
153371_69,95.03028770396733,38.74790914379633
153371_70,87.69348343995424,62.32578049762656
153371_71,52.798648230029684,5.036659862288754
153371_72,74.00470884830116,39.35021673244154
153371_73,89.0530835086976,6.295536016626063
153371_74,85.20034005285635,18.051313945006584
153371_75,75.74385928029668,60.89469645347835
153371_76,54.17015153117342,56.16316375177792
153371_77,71.11670429269991,61.89239540636011
153371_78,83.10900436008902,57.1777395958004
153371_79,61.9116479440688,63.08275361170206
153371_80,83.97873715761916,11.146666046456497
153371_81,57.75626147120512,4.361594579314042
153371_82,68.60768579770148,51.751059322394255
153371_83,80.81943680346019,13.767522244759117
153371_84,62.85779905016513,49.24770468558784
153371_85,93.70138087894642,36.78115001674745
153371_86,82.11814570942856,29.100100175954303
153371_87,69.06588582276224,61.4029672286318
153371_88,48.767330813526584,3.9259366716019684
153372_1,34.54227589089359,15.085348041033773
153372_2,29.326558391094736,2.8543372403838023
153372_3,78.43515965507711,15.329202434308609
153372_4,38.69974555051905,1.217815725
153372_5,54.82511116944285,3.358785675914223
153372_6,34.057721498886444,3.4110688269850096
153372_7,92.65164691074438,62.192444862638396
153372_9,96.6742180707246,63.38901548092896
153372_10,68.55241730602314,3.2054224146600214
153372_11,52.46657557532225,6.768902433872263
153372_12,84.49489158519263,34.1920513026196
153372_13,62.201286854698736,16.774104204264308
153372_14,92.75038384839854,19.627271147846685
153372_16,69.9556240668519,57.16727030289639
153372_17,75.0184605570457,24.507704162088586
153372_18,87.22086931467521,18.42170454867469
153372_19,86.25568108248841,38.770389707752024
153372_20,34.52020724753923,54.37763522742038
153372_21,74.30108386945362,63.6566852288681
153372_22,89.85904166361102,8.18563831966312
153372_24,52.04420478922506,60.101462747331006
153372_25,80.5691233815833,18.641222141709797
153372_26,45.83917982632938,63.69828863090388
153372_27,58.712703212035514,44.57288879846854
153372_28,69.94352085349195,13.803499576735387
153372_29,86.82320501138688,39.8304216003158
153372_30,77.19911033649474,65.29350564646296
153372_31,81.16348339660388,7.098182154367574
153372_32,64.04938910189831,50.941388455986086
153372_33,90.70475702554569,30.634145920753973
153372_34,81.66360757950474,52.92988349161148
153372_35,30.94835127054442,43.97715589053996
153372_36,92.76113037420427,16.094088550402414
153372_38,29.640597860609994,2.708711494229891
153372_39,91.99582448971753,55.9287003349063
153372_40,90.17642594576563,60.74748820186106
153372_41,71.65293948396044,14.932566782525932
153372_42,90.32396104598604,63.63139934576538
153372_43,40.25051061109462,3.404773046219387
153372_44,75.02365243389016,35.955673857216716
153372_45,47.09073551414606,37.101980747097194
153372_46,93.05087641069855,10.308622025108374
153372_47,88.01697123273377,61.78582114710027
153372_48,81.03959055786325,12.856383520503297
153372_49,61.5542652833319,13.237945250114315
153372_50,31.25716928935394,4.123873584373732
153372_51,21.674924255284715,2.232090210092234
153372_52,84.32114873865234,61.24591582025856
153372_53,32.54253019274376,58.551140763338566
153372_54,65.35990984088059,4.956161130545132
153372_55,91.40330736871925,27.41773956148223
153372_56,67.94276910731566,63.07355280408111
153372_57,40.6851580274187,7.14245700596784
153372_58,54.41554887876583,51.93525441993468
153372_59,49.0568564956601,60.247648865551845
153372_60,71.91608934374692,57.92744727114017
153372_61,97.22895617271315,24.98644603743312
153372_62,48.38925145042646,4.156645939129109
153372_63,58.720223529694344,2.757095154576526
153372_64,85.70044254373336,16.48735767886092
153372_65,43.89611123655868,20.898874234299306
153372_66,77.99567096837377,62.168113745664726
153372_67,92.73154024562353,63.88031013586085
153372_68,56.06566364220862,59.8909556647195
153372_69,85.18675796783575,29.030987395572936
153372_70,40.01498561684313,1.8410679557718614
153372_71,84.71686445583094,40.60421588641105
153372_72,67.00493556128231,36.4189139146168
153372_73,13.066531506361635,4.296570574384459
153372_74,88.16319433263295,21.85737720420805
153372_75,90.91269098449851,6.016201462875919
153372_76,64.17274161074366,42.35621089488583
153372_77,85.02947440299776,25.568016385133824
153372_79,64.50579625599813,64.55934929164741
153372_80,92.66183338047324,45.41427328397556
153372_82,85.40174493034118,44.88611846236678
153372_83,15.068593175278618,16.130889673237377
153372_84,93.7042174324904,48.442615637822556
153372_85,43.172916904906465,39.96816954901261
153372_86,76.12123404077369,56.00054146261077
153372_87,64.38650424577938,60.840044975851285
153372_88,74.73437525918547,31.866759344149873
153372_89,79.5434957795766,51.225171314511186
153372_90,43.40951443869334,62.351106677680036
153372_91,78.59276198286771,47.90376581370374
153372_92,36.33609389006692,53.36511699957264
153372_93,91.72764822631954,36.236081926583594
153372_94,101.26216229402574,32.6991087630127
153372_95,78.40313718866226,45.44340866530134
153372_96,49.16817792571298,40.46365983330423
153372_97,21.492011595611274,65.8219885
153373_1,71.17648855019671,13.07403644881716
153373_2,44.97922311516587,2.2087884
153373_3,61.75688268607658,56.4904124606084
153373_4,70.38348573091929,2.0550047482298472
153373_5,49.124309669578295,42.46616215535946
153373_6,26.9407479807144,39.20824169917657
153373_7,36.681918223215426,5.841927763608146
153373_8,22.687740859452788,10.316246462527502
153373_9,84.06024280686162,31.61710129311009
153373_10,39.972360837749065,4.650930081636782
153373_13,39.48956321471282,8.340742961204057
153373_14,78.55979501414838,8.787747266465168
153373_15,68.06480079841045,5.5949397762244155
153373_16,48.60924416600234,8.127870842268942
153373_17,63.10953570197174,6.061525896886049
153373_18,35.76198351116151,64.70425852082553
153373_19,33.04445924918633,61.118934089357964
153373_20,27.97257903905617,2.6011282149999997
153373_21,75.02921174583571,5.174969097727288
153373_22,76.848121641295,62.00834448616065
153373_23,88.95852495356027,14.707207930183975
153373_24,91.31887546683004,37.346121438941175
153373_25,78.37446398513367,6.521067013202902
153373_26,59.52977897138845,1.4457010380143425
153373_27,66.83769597853413,7.326409917991162
153373_28,84.25254552171994,61.679941532420585
153373_29,79.18970740639841,54.135797961144895
153373_30,19.500397430959705,2.5618722136537087
153373_31,59.746767608633036,16.161083363477715
153373_32,33.56553029142015,64.65551947602731
153373_34,3.4960044,28.699491544173604
153373_35,89.37578331747156,39.40441032097816
153373_36,83.49133970562242,40.752256817246845
153373_37,37.69654137959873,7.686911510634762
153373_38,87.34586573787365,14.640305232543641
153373_40,56.77066466583479,54.39105893324191
153373_41,95.23661430565957,18.365969899829636
153373_44,69.13295584306172,61.86241433194631
153373_45,60.3339618745339,4.115940050542044
153373_46,81.75924557203993,8.954981501028032
153373_47,44.44653836185876,63.599404891013094
153373_49,25.482051725177186,65.4547270395656
153373_50,35.74104788535842,63.779562527215234
153373_51,72.32590114908507,3.52718339811702
153373_52,86.0508518957137,22.544297868533228
153373_54,67.88556465412393,63.269719319286594
153373_55,46.88511009798809,7.260719816136126
153373_56,61.33491298023249,16.999439501688492
153373_57,90.94185656725192,51.2865307126245
153373_58,92.25198185101506,58.24349060615177
153373_60,91.83341653634852,59.059906087180686
153373_61,22.81676636017565,8.603172495718201
153373_63,43.93346524154379,62.07431301500931
153373_64,78.92494402872045,33.47026290875272
153373_65,54.614600160742384,28.998806061236742
153373_66,82.17356881517317,5.2795840494383235
153373_67,76.49699967569616,13.736925653125148
153373_68,66.27224612561739,8.494355007908375
153373_70,67.06646066476665,64.70870448141318
153373_71,66.25163377020493,62.72009496094114
153373_72,39.16737915217309,21.05680466215635
153373_73,51.47981132790189,10.948328510635148
153373_76,97.60410606991356,63.17127861775461
153373_77,79.76278820348213,66.12904275029067
153373_78,36.3955965683869,1.10465012
153373_79,10.815368472450071,60.560509308786244
153373_80,84.5127749734288,57.700627861981914
153373_81,30.762430761671613,5.164426396836966
153373_82,84.61898240440983,9.289954604074364
153373_83,84.37800245928713,6.613517654415011
153373_84,77.2615240079637,58.59143108736253
153373_86,82.49134394468972,33.5997856000186
153373_87,88.84044028392013,45.1390611784967
153373_88,77.6062660457332,53.829518158896946
153373_89,63.95070670673298,65.5689173405865
153373_90,49.18770023469044,61.66381370737503
153373_91,71.35215076094973,61.931982443962134
153373_92,82.59463848262237,59.415517425627435
153373_93,68.91732038329256,46.61714466021834
153373_94,86.02659695646283,7.361389099784511
153373_95,52.31979550510552,41.27120630635066
153373_96,83.7040615635157,8.693897600671914
153373_98,47.68061812684745,28.5513654036701
153373_99,75.89109794707201,3.6671689070315185
153374_1,79.95347584155449,52.27414667481659
153374_2,36.19626447249647,33.89816215484606
153374_3,72.07428105854673,57.89558216116421
153374_4,46.105685736213374,12.125279682423983
153374_5,47.95692362577,4.566042425299819
153374_6,87.94582016985298,10.476437890508475
153374_7,86.37556727225143,46.472013340261384
153374_8,77.22346195626965,63.40386918752406
153374_9,41.964619780268386,36.68882043075021
153374_11,40.08650856243703,22.21027535214398
153374_12,95.39330067305792,48.14334970348467
153374_14,62.205694316011794,43.71072579479598
153374_15,41.822006184160266,62.84990302367374
153374_16,48.5160601011168,20.606049580032533
153374_18,68.72863583330243,48.54013389587773
153374_19,65.22894287609981,3.7863166223634632
153374_20,85.58516575361182,31.112643849072384
153374_22,52.6017509915458,31.99694501890538
153374_23,70.81052106725883,26.001455407774344
153374_24,67.74471381450046,64.75495053016671
153374_25,90.3734437184855,51.59744778185275
153374_26,90.63467646380008,37.40650582033719
153374_27,27.70152560204142,65.99546533413837
153374_28,90.89151485904847,52.66000241278711
153374_30,77.49548693650016,3.3347229985247386
153374_31,85.87921985299685,10.29448934475542
153374_32,30.978000398553817,64.94018386151129
153374_33,94.04997627710446,30.765576490517255
153374_36,82.4623769449256,60.35860723915052
153374_37,62.63110709158511,19.78391582836622
153374_38,92.9608149914475,11.059003279921495
153374_39,45.71462491188349,64.56479569271863
153374_40,44.6377893417532,65.92161370510907
153374_41,81.98889849914066,21.337242301727667
153374_43,88.45280990883725,58.0772311596602
153374_44,77.3735161939452,11.195071985183493
153374_45,87.72610186771004,11.907245471046608
153374_46,43.41637601931844,60.19244424656157
153374_47,57.07127536344301,9.576528525990812
153374_48,87.57211983426379,38.266404843204086
153374_49,77.94491727763129,63.13044958432263
153374_50,58.52688131342256,12.409491840461493
153374_51,87.07533474016607,46.224796572976814
153374_52,85.18993880428263,60.06656857785369
153374_53,51.01133317799946,11.095509352698892
153374_54,70.32322610903506,4.22921085572561
153374_55,44.36706089097313,65.62846169470549
153374_56,15.57233196285647,65.31665763162971
153374_57,21.168446425299713,64.02294348554825
153374_58,88.66608164428676,44.621370136626254
153374_59,79.9152212774887,35.52196194645505
153374_61,89.4969991942959,35.47351928459774
153374_62,92.06579427628135,64.43684107298563
153374_63,64.45201673589175,6.652536995601956
153374_64,91.25338225877847,11.24287928057582
153374_65,85.43883944780993,53.74312158768515
153374_66,44.69510247996756,3.2206424458716043
153374_67,89.05366317088412,23.77418462440199
153374_68,80.96093449535798,18.92573363094592
153374_69,96.32864102038968,27.794439991436494
153374_71,80.044112139877,8.9767882814501
153374_73,72.60791705981632,18.36662444281039
153374_74,82.28094314697603,6.003140728313719
153374_75,86.72665278707981,7.684797030162741
153374_76,92.30575090486946,4.615218145065756
153374_77,84.93513229144475,3.1773773083460095
153374_79,71.21635774180002,10.068714230748494
153374_80,81.93215682243817,59.74509311744656
153374_82,38.21359074967799,9.042457467474094
153374_83,86.52968324102153,26.964845131520107
153374_84,88.84252159620749,40.80655868210446
153374_85,28.53538759333135,43.1857938439259
153375_1,63.12909174930756,63.234898483877394
153375_2,40.98704476177554,49.366109697908975
153375_3,78.37926934940867,64.42006116959959
153375_5,96.81418874936658,50.23791469789798
153375_6,31.333118149139693,6.315148523058774
153375_7,87.52832628681205,38.504333447890815
153375_8,87.09064826712101,44.389241797476394
153375_9,91.52012519403557,41.33560817852148
153375_10,77.11907822016335,61.450143890634074
153375_11,49.29778193040346,28.675947757897383
153375_12,80.7223469589559,63.27777559067977
153375_13,43.86514161087162,47.64580822756349
153375_14,34.478245007817286,6.402533631002028
153375_15,58.26088737380421,59.682044384745026
153375_16,82.71612332704323,63.76069700247896
153375_17,21.267800789849204,57.19803586425445
153375_18,73.72965696285537,6.564319963798724
153375_19,80.06774619984085,6.650050549915335
153375_20,81.50872834603518,15.668220873677534
153375_21,81.06315872822043,34.413075384541344
153375_22,92.78250803136282,3.68042947237032
153375_23,40.56025449561008,2.2819811908831853
153375_24,83.38298873887729,15.029261799168987
153375_25,91.1510176285066,9.107123502425393
153375_26,74.85950811867367,56.97486379571005
153375_27,54.43462305100092,50.44040753757116
153375_28,50.67046240830746,11.071541565619855
153375_29,77.6663531636223,60.71871215815874
153375_30,74.6646182461707,6.492805834830428
153375_32,45.14915012765456,10.500316925417838
153375_33,79.96168569425821,33.730009323856095
153375_35,50.462718079779464,62.349504960839575
153375_36,94.01968174855733,49.22842660145534
153375_39,67.00257674750605,61.8756639022144
153375_40,54.59141960678488,11.384341377216138
153375_41,72.71999001398787,60.024127418417294
153375_42,25.299267703559757,3.9763846513228325
153375_43,33.179974557155205,2.6580449699999997
153375_44,83.12012866941396,17.742048876813232
153375_45,31.314002173182345,5.224086578299012
153375_46,38.81622089395007,55.88523988749553
153375_47,52.66341866686078,58.668923035741145
153375_48,80.49386009851806,9.965816316788905
153375_49,89.13782846259598,52.57744192844792
153375_50,50.07079083883705,63.70386395459974
153375_51,87.2677220989961,38.0065938081038
153375_53,80.87811706355359,51.65679008989275
153375_54,91.16762180168357,55.09696814131168
153375_55,14.834313509013153,57.25306153499771
153375_56,70.22490404809366,48.11652284701854
153375_57,29.834590181410185,61.775489990802576
153375_58,88.85097838468295,4.489313901607729
153375_59,28.787151935481134,57.402470852208296
153375_60,54.548365056739826,57.11758398570556
153375_61,45.99178110027441,63.43071312054483
153375_62,72.68730124056157,62.13500063388747
153375_63,46.839879824261466,61.35331918297828
153375_65,51.81406694194443,57.16611126095442
153375_66,16.616250090762748,9.74490471362391
153375_67,69.5723360946016,6.776268008413936
153375_68,53.117061141001415,14.803839214131024
153375_69,72.6622883128239,61.657347586005045
153375_70,89.15347467027249,26.516938800002002
153375_71,84.88881688264793,61.7133030297565
153375_72,83.14067039773992,55.741503354933045
153375_73,90.44705865225708,17.891329722662185
153375_77,79.42376099397733,6.695706565807857
153375_78,92.40936675349965,17.76161677657847
153375_79,80.92393237394585,13.518354171758256
153375_80,88.68041342599253,10.702584230653734
153375_82,15.976524503898547,62.65002400988166
153375_83,80.80131508859056,26.261954856979457
153375_84,87.46909318687099,52.51895859140758
153376_1,42.52314334722661,60.94814786715358
153376_2,91.45866036825635,37.247336355612404
153376_3,73.13460765733177,7.0958807681641245
153376_4,91.74343291690042,9.601006182044879
153376_5,75.06853014386078,33.73515383082425
153376_6,81.32756964751349,12.911082299081874
153376_7,88.18247599834764,13.131518737174282
153376_8,79.11689413792882,8.050120139905218
153376_9,89.6462923250175,18.18495179287748
153376_10,91.71588949718478,54.06461318090162
153376_11,81.05582230867886,66.07800312819677
153376_12,77.47370265265253,8.10392768630533
153376_13,92.86622254198204,7.566441495524019
153376_15,29.522603653396267,37.12588162038247
153376_16,81.59876726552787,58.81195364974734
153376_18,67.55345454020596,11.716171199372122
153376_19,84.7884711162605,51.23433703547609
153376_22,54.74571273606081,60.13458394008927
153376_23,88.63648581332106,8.170675464661755
153376_24,60.831173352475474,15.959668178066329
153376_25,59.67460608661389,20.97368740840809
153376_26,66.92079493873634,2.7398838949999997
153376_27,73.86791026675637,6.378065278713246
153376_28,38.27977801615386,4.0638222148977
153376_29,86.01901096609922,8.896004107135065
153376_30,78.91198011068684,57.24695649262178
153376_31,77.99910313242364,63.369081504208104
153376_33,69.94432354599266,51.334430881213066
153376_34,92.02245999515921,13.071365098091594
153376_35,89.8460904723162,62.955522296395216
153376_36,77.41989753815872,45.09494333666368
153376_39,92.52582715402215,57.52709073901565
153376_40,84.9490919558076,9.160547115411044
153376_41,41.18049799272972,49.982173937623344
153376_42,40.07251281409433,34.17731712470352
153376_43,92.18672291319857,9.757309657149147
153376_44,96.87635936768291,20.329957535524137
153376_47,90.76397083900363,11.051811572143723
153376_48,76.13997902381242,60.29805865436458
153376_49,39.7684100345411,57.42735619390517
153376_50,44.475872085175695,17.28840339004783
153376_51,30.660112073673062,25.620038911987006
153376_52,84.6423815767223,31.667792533202647
153376_53,68.18398521415588,60.11686077496606
153376_54,88.52343447014955,9.393240733597509
153376_55,83.58644762685749,23.22294619458727
153376_56,101.32926096900869,35.6738595228493
153376_57,38.11303780156666,5.760382581345651
153376_60,26.029393264423973,55.26752305137016
153376_61,64.72692436797249,4.2504816304863
153376_62,76.8931365585812,59.709987067991676
153376_63,27.254443391827934,13.126798872455897
153376_64,69.81703946447865,62.18406765692779
153376_65,90.1136742676288,12.066849013480693
153376_66,45.16479094199427,26.45985850252959
153376_67,82.86768984829052,6.848998297864195
153376_68,45.960186392202594,1.8741980950000001
153376_69,42.44071193644274,63.18494444295184
153376_70,20.285380551287865,64.27403181014054
153376_71,65.36668454305021,62.06939317090581
153376_72,84.82450163161023,20.599044123948065
153376_73,94.97524359256246,5.8731137733483925
153376_75,87.45416009909033,1.882278307843613
153376_76,96.14187849302795,32.21138626271889
153376_77,54.44532390119589,51.338693306977916
153376_78,83.61263840369334,4.941985660353764
153376_79,98.37541528642896,8.860040430264345
153376_80,38.205396796706694,47.800860555669765
153376_81,71.11997447468093,6.430377339526181
153376_82,80.85014580865538,12.988305687660088
153376_83,84.4880368068112,26.455138774656064
153376_84,14.346779584798046,66.0470315
153376_85,48.36217187433424,3.750745324821428
153376_86,85.47217598444628,15.327604192932228
153376_87,79.9703604814196,60.206228406263975
153376_88,88.97571978630263,23.8476169791743
153376_89,55.19145576154563,49.9600230125876
153377_1,75.66049296263819,50.42785425713713
153377_2,71.3273764656368,63.73524684223061
153377_3,53.22599571221206,2.9829961533117473
153377_7,93.46701042922118,49.557000508456404
153377_8,95.4644493664972,36.53108638352269
153377_9,26.953280994887688,63.152846282329904
153377_10,20.689409708626407,66.0580215
153377_11,80.01235682470437,40.395422488137356
153377_12,65.47807531279446,51.051297249046996
153377_13,48.05307219356915,44.800168658677734
153377_14,57.007292693543,63.731786356300496
153377_15,17.250141354041197,61.97414813608215
153377_16,81.04128855721963,53.39032487308753
153377_17,84.71178503251392,20.955066718826675
153377_18,29.110182552040982,64.15212856030442
153377_19,10.385170894842217,2.7024923194875092
153377_20,42.72766006460865,11.786402397962167
153377_21,36.86406879955204,5.908730870439871
153377_22,85.06565785471592,7.917708604615029
153377_23,41.68813104766748,4.504569554507086
153377_24,91.15000602206794,48.70625703578764
153377_25,70.88798721514826,14.451134797855566
153377_26,72.16143059101432,23.85576256799085
153377_27,78.25941089674623,7.106495715451297
153377_28,54.35278072711965,35.84624256521489
153377_29,89.94079974040699,51.864148149229486
153377_30,39.82997702853915,64.27009230096394
153377_31,72.8144179945035,24.820512467426653
153377_32,78.97109309893168,4.995301651733293
153377_33,7.347825093252418,2.8942177345222166
153377_34,93.23485658219201,50.76596956049057
153377_35,76.5038842114083,33.34544307499314
153377_36,54.19474018842095,45.80043171469579
153377_37,91.74119283621188,21.904461400357896
153377_38,68.59420678055699,64.88566041886749
153377_39,15.306064938681534,4.922844184283018
153377_40,10.321350855965612,56.66091784539097
153377_41,20.715765025898843,5.495167036021566
153377_42,81.50632981685585,8.446003074953305
153377_43,43.56668413080171,62.59573988164588
153377_44,92.40302380125422,55.250533679933696
153377_45,84.43923078733074,2.779849674352106
153377_46,24.993744031241064,26.797281311364234
153377_47,51.76525878089484,24.077005244827603
153377_48,41.72260285378982,63.476006494333376
153377_49,79.41067653914648,34.543914225127175
153377_50,61.395432223953804,53.9667889634306
153377_51,53.06686076222279,6.372643330345031
153377_52,68.94635347637984,7.949763087964399
153377_53,45.825979513048985,31.07534006771686
153377_54,64.42019118540196,61.696869134083954
153377_55,67.57539943677398,6.085013965901376
153377_56,90.0758996674117,11.757813650272508
153377_58,58.32475527029149,62.915478528973054
153377_59,49.68240250334806,3.780209064125996
153377_60,73.00017442840442,58.74223040942718
153377_63,75.62497315510022,60.073125329063004
153377_64,89.70330726261498,7.372970834082002
153377_65,76.98254480896435,12.395553493253917
153377_66,83.48808911451182,51.90596253269882
153377_67,89.6325537159887,33.642057349572
153377_68,44.31757808807873,5.2673648287444355
153377_69,73.63776402201954,6.347795999491904
153377_70,91.59279121823361,18.729274782633944
153377_72,36.43860225239041,7.950580923619885
153377_73,87.69170303127042,18.286595256492788
153377_74,64.97017662407775,59.662540361334194
153378_1,69.47290708329949,5.023430388580247
153378_2,44.320149751431174,64.09029229674323
153378_3,80.1983668961438,8.567595884294205
153378_4,77.65184355884615,11.652051157282783
153378_5,88.29974991597781,4.35890163068815
153378_6,97.98647228135124,35.69301887528191
153378_8,49.31918596474546,36.45707608658442
153378_9,79.05552171820858,7.1525272886214495
153378_11,52.474801673629116,56.66739166015242
153378_12,66.09135487540922,6.805448474138975
153378_13,61.73655201920862,26.408189848408
153378_14,91.91538513148662,9.744621452966243
153378_15,76.71495048947672,15.419584594173362
153378_16,35.07578528171379,64.73120721757064
153378_17,83.9662473625722,9.808375799903612
153378_18,86.63213236932307,8.354318290172753
153378_19,88.4912084027961,57.52184770364149
153378_20,92.99244565566187,37.1317850012995
153378_21,52.660671245892075,4.264449913845587
153378_22,52.47640179049117,5.064011525658314
153378_23,90.63173582313502,33.9547397964011
153378_24,86.84899820785942,56.33144255793606
153378_25,40.45391820234593,7.6634517541757
153378_26,69.9596484744483,6.428731426636172
153378_27,84.88282629729088,9.938146357336517
153378_28,89.93583347315159,5.515035292075723
153378_29,93.81351834668908,15.34140110951557
153378_30,77.55789086371016,64.12755169510316
153378_31,51.76533631786116,6.097727124847411
153378_32,21.28238200127376,4.360569085242471
153378_33,78.06960179248262,26.058694035529854
153378_34,65.29113654847666,61.97310518295445
153378_35,44.087081934187076,12.32713596853716
153378_36,54.027805897894666,4.2993255151764
153378_37,76.76051848706516,8.843856553154362
153378_38,68.64708478075403,3.490127256305996
153378_39,23.413108772919045,62.04312888631517
153378_40,95.03069037107282,43.73620084480361
153378_41,88.90305649913452,29.549108871527594
153378_42,74.52732256432589,61.718745089559604
153378_43,93.10508070414883,44.91613705395612
153378_44,29.670481392208863,61.592588922477375
153378_45,82.30767976031714,12.006303172595253
153378_46,91.95978502775377,32.2790824746737
153378_47,29.647800365311074,10.447673875700541
153378_48,63.400990481947915,8.376985504836847
153378_49,17.37011150037227,64.02049435657224
153378_50,54.009712624279345,65.04308991772066
153378_51,75.88711900111355,43.408068533239046
153378_52,92.98494902009264,39.666309283243564
153378_53,68.10490820874455,62.098813229312455
153378_55,86.0236024982647,9.287117858042834
153378_56,73.81994820865657,6.667472686221039
153378_58,23.402333187205336,2.997493620829588
153378_59,78.50301433499237,63.50205095261171
153378_60,18.611676927506224,4.576342030222635
153378_61,48.09522441873199,51.875045910449586
153378_62,88.16034992226774,19.454707860266158
153378_64,58.40151682610012,8.650085664031405
153378_65,37.20836271849186,63.32577371793835
153378_66,50.9589363533749,55.56834126685052
153378_67,86.84253786231079,7.922051071802198
153378_69,30.77128268583467,16.47188711988763
153378_70,89.47118581574574,54.10824096687122
153378_71,85.71792931781003,64.40286472652073
153378_72,78.72315830411215,9.44257612968619
153378_73,48.993990372325214,62.3396714335385
153378_74,83.57802083989742,52.33677532466835
153378_75,84.89133088566045,48.662255642826935
153378_76,91.22372659657346,19.445678494878344
153378_77,97.35551240953208,48.87276467544529
153378_78,74.57716089125128,4.565756834740721
153378_79,83.06357654592084,8.427481831054312
153378_80,65.12434017253388,47.4485808652728
153378_81,92.08054768004766,5.9535456196846575
153378_82,30.694075756884796,15.505234779201164
153378_83,56.299222263596896,8.84050007393949
153378_84,89.43007664975042,13.313402505987014
153378_85,61.81619229202273,3.501629260276639
153378_86,50.8429974607112,9.961990105298725
153378_87,70.42882586382022,33.57235117874879
153378_88,12.042079863893157,4.106058136647145
153378_89,28.520048396262602,7.0259009634965635
153378_90,46.72662425097938,62.710841501670785
153378_91,37.08383051926455,9.683900462764502
153378_92,35.11802760918079,65.40970116724935
153378_93,69.3629270456921,8.862027820485897
153379_1,37.23471323726803,4.880681638950711
153379_2,77.1250257977499,33.64803682843437
153379_3,64.05141123488765,6.767631286574814
153379_4,43.65769802904933,5.157476307308653
153379_5,22.10348687810939,1.8949276678572669
153379_6,33.55611625041695,54.70421223443828
153379_7,93.9558229653282,35.56281508949754
153379_9,68.54317560879628,8.727749812435821
153379_11,58.265204863033766,61.31839578229343
153379_12,88.09272365223038,62.667774935126054
153379_13,87.96814352411567,18.598508331423687
153379_15,85.09598636301534,61.97083207809271
153379_16,36.38430207588475,52.04501637836643
153379_17,44.89099792946037,36.00798636850737
153379_18,90.44556466970724,39.25220301904893
153379_19,64.81800762884285,25.115480924123705
153379_20,54.90931578634937,30.434523598068353
153379_21,88.6929311308391,59.83425933689016
153379_22,49.425641572002675,59.884048237919316
153379_23,50.757089931781906,62.61580237683235
153379_24,71.54669215130289,14.511272452011642
153379_25,40.39838053431612,63.24932456822357
153379_26,56.455502505300544,18.140759861747174
153379_27,56.460337282390306,39.607315998119255
153379_29,19.65495212623484,2.6815615682405185
153379_30,63.62369663242693,21.801982572932737
153379_31,33.60646332356939,3.886905208786227
153379_32,45.81999801901517,2.4222466929314965
153379_33,42.309673984468915,63.965228188436484
153379_34,50.62371370874311,5.272500926037801
153379_35,76.88785511910535,21.040631276604103
153379_36,60.54745298428594,40.070774965900114
153379_37,51.14881440763179,21.185661253511856
153379_38,33.84211417873419,8.453211094474813
153379_39,58.146344674444336,10.534089483494292
153379_40,81.17885282187339,58.322207868241414
153379_41,41.905917407093305,14.99933715215213
153379_42,55.20081305777734,19.852776196991123
153379_43,54.981974646680584,28.232694286229957
153379_44,57.67546119358186,5.9744914540088745
153379_45,59.15005850160212,9.813064884751984
153379_46,45.87255686377849,59.173685789607276
153379_47,65.03266006678066,14.354898649683566
153379_48,36.205263425302476,3.576234466358801
153379_49,42.290267867765735,4.079117035264799
153379_50,31.865497546436607,27.09285669869155
153379_51,72.65031602137492,26.058700249513382
153379_52,74.55522795878692,24.1629937456006
153379_54,20.96118887972591,10.806021009949976
153379_55,51.75964099955543,54.688074538408415
153379_56,53.85396954939026,42.02859921866052
153379_57,86.686673421075,49.15220663639988
153379_58,61.849167083187275,10.086738817699196
153379_59,21.495637761898678,6.06352971438288
153379_60,43.06335843945899,58.031389917917394
153379_61,65.15842797292896,4.288184726191376
153379_62,55.08580238305949,30.65863936773349
153379_63,91.12449191336282,46.49018108584775
153379_64,68.6773600221953,9.814245802444523
153379_65,64.03986289115409,59.96779059580041
153379_66,83.26092919359513,7.7217773191457
153379_67,89.82551820927999,51.241663633871966
153379_68,68.9331684208724,10.138722520294763
153379_69,50.14395914984025,14.910953628282735
153379_70,75.48714019181259,54.89222705514407
153379_71,94.18179598358768,53.77743957298321
153379_72,75.85602805470114,58.21004271213379
153379_73,36.668391900740914,2.2671969048210103
153379_74,40.74442515572597,65.50856507757658
153379_75,89.2987470287564,17.66569340313788
153379_76,69.9280882957007,63.999104199466856
153379_77,89.28694973511536,24.34525530302878
153379_78,83.82038188275416,61.757337732895266
153379_79,75.82304595110993,45.82749934139175
153379_80,77.08117883160008,12.450198980173548
153379_81,42.05558759060939,46.8272595456968
153379_82,80.2411730167408,16.875854654312057
153379_84,68.5667519759296,19.02366189666428
153379_87,57.85923166648647,59.06888112750376
153379_88,98.07469383484896,27.24694210419718
153379_89,90.65541330529572,22.667935193147677
153379_90,39.07719370564263,8.775896639124218
153379_91,88.29068374302915,30.344792656677605
153379_92,89.15868188469003,53.97874972497222
153379_93,95.1219199353346,46.94469364123181
153379_94,88.70557671205037,59.40397140064041
153379_96,38.85836190152681,14.49959232495717
153379_97,85.02784429732512,31.601636454033347
153379_98,63.485640803849286,58.38952269325325
153379_100,83.35686522174922,58.181861089871845
153380_1,55.46678638402377,5.57335998723218
153380_2,70.74821172649307,58.027535461676045
153380_3,38.87331911138277,60.38606339000657
153380_4,74.17716850286585,61.533215447262606
153380_5,52.979494541921426,35.47618185033454
153380_6,79.7437933183185,54.67833228763985
153380_8,86.71390582579326,29.437505749697316
153380_9,96.48916259293247,25.200016560309788
153380_10,21.015466690792564,3.53502191
153380_11,53.53206183643776,66.0953939551003
153380_12,79.9010794639712,58.415969095157706
153380_13,79.89980946033367,53.48931930851725
153380_15,44.430092478320546,22.616912866454168
153380_16,67.952241243854,64.96227690542604
153380_17,81.24902679389974,48.069773583056296
153380_18,93.28005365146097,39.078712265708056
153380_20,90.76036991726025,7.412958696207463
153380_21,38.978009734824724,11.723372162880567
153380_22,64.30446999052138,1.801656741316643
153380_23,73.67306995358604,4.949197815824763
153380_24,62.67037125837909,60.63931696945321
153380_25,85.39244599508008,58.30340609370357
153380_26,19.69678449368279,6.703014546465228
153380_27,56.735283815386346,62.673012990406356
153380_28,76.3857025513889,6.296573994327542
153380_29,42.86511920338725,9.536289847095238
153380_30,81.37286278717467,8.582273048587583
153380_31,53.236095772508605,47.74125477474913
153380_32,86.9210832017471,36.76173454567179
153380_33,47.63273990735958,6.4654740970911835
153380_34,35.66495881354999,1.8628367099999998
153380_35,89.80550911936376,52.86287091278842
153380_36,21.412425167402013,1.8858500508651441
153380_37,76.86725655543628,4.799540297465557
153380_38,85.89203998153087,4.082579198311949
153380_39,81.48234158446785,6.019942309688094
153380_40,28.869333042660557,7.784199754926898
153380_41,64.26655373596302,23.358239992105297
153380_42,81.1707389545833,8.551580695496929
153380_44,86.46537937842027,51.63400652897145
153380_45,49.12693835247122,21.32926802264878
153380_46,88.77704841970554,58.81273688632125
153380_47,86.25811454605982,13.989913554286737
153380_48,95.80206027561907,8.932350321393095
153380_49,85.36394166348352,44.716026462856505
153380_50,88.80875987973087,49.49378726218988
153380_52,71.04456264714419,57.115966521282914
153380_53,68.29557888262664,30.978341742085647
153380_54,78.73450739899232,4.777813313064039
153380_55,81.79997399800462,34.10310432186681
153380_57,66.38113496580524,36.30655447682047
153380_58,87.65152338477093,53.82695770263753
153380_59,60.62545976642558,64.78305683496214
153380_61,81.28988268304752,49.0545626104157
153380_62,69.03027493484888,61.71229948024707
153380_63,44.023970517139674,5.869165493105349
153380_64,65.82722421017279,5.477929164686822
153380_65,75.1965386014452,13.49081704303669
153380_66,70.69094327324095,16.871879868927316
153380_67,89.90421265868585,52.80285942043856
153380_68,65.98807539426436,5.452709363095637
153380_69,76.17993369544918,57.17098251216111
153380_70,43.03555747412966,26.280021116715254
153380_71,66.11709007602147,51.32869120441798
153380_72,73.65897166812846,54.95897854432525
153380_74,96.43478835183822,16.12742979740342
153380_75,66.86785128688499,55.12770355824175
153380_76,88.24539059726796,48.916086467151274
153380_77,61.02484519422167,10.810254503484185
153380_78,59.47561894615093,63.83604020309086
153380_79,41.37787217534043,2.1586259979209257
153380_80,57.014202096195135,37.06467279183806
153380_81,75.2054667048314,22.361705275553597
153380_82,93.90750769874484,25.689739064300465
153380_83,56.38771066992068,36.97664149087837
153380_84,69.09484315820737,7.87816932440876
153380_85,56.953848279689595,4.058454065550513
153380_86,83.65102261196796,48.355247016654666
153380_87,85.13783729721578,42.61124178793865
153380_88,17.39845672006722,2.16029086
153380_89,90.59754122471173,28.48474152203074
153380_90,82.92955557820639,5.886331980537142
153380_91,82.71041250310766,44.22078146849285
153380_92,46.32722236366985,48.220810873970166
153380_93,72.0434481555368,34.26730518315756
153380_94,64.54945789655125,62.867259949565174
153380_95,86.87424455416807,22.383703427318967
153380_96,58.939612557347516,49.363260416370494
153380_97,67.64379838557353,1.8020845821412967
153380_98,91.73136813017635,29.445460106736416
153380_99,68.48725684249521,46.74908020518181
153380_100,42.686233329729184,65.46362346012648
153380_101,78.82954801158942,36.06025708172212
153380_102,79.80968589240598,28.2654227792859
153380_103,52.23575583118984,64.57669469966368
153380_104,48.070575764014094,65.34076686524996
153380_105,92.01120192690118,15.485308039564913
153380_106,81.94606052966587,62.37860363004385
153380_107,75.95387663343888,9.08993607736102
153381_1,56.487957957825216,4.771931050618193
153381_2,66.60346030287508,63.39015210087962
153381_3,73.38730057485495,66.17302717428508
153381_4,34.168630577521604,10.698443092563341
153381_5,88.05018220894654,15.272247649269636
153381_6,81.04263136137456,51.914476622833355
153381_7,74.37994895112911,26.840217371529533
153381_8,22.20342868364639,11.727125525416348
153381_10,55.99075653807996,29.02092521624728
153381_11,46.580121441520795,66.70050425
153381_12,41.07869267821333,24.563602421224097
153381_13,79.0096015909909,59.77372817075245
153381_14,89.35539413109524,62.49582475713059
153381_16,74.41058641295491,48.704463842181056
153381_17,38.236129855198854,4.645413445477464
153381_18,70.97030469185748,56.82838663241081
153381_21,50.41811133832474,58.452879876450396
153381_22,48.55055784952911,6.07986744406755
153381_23,40.531562210222354,61.167068190801324
153381_24,45.58330431802716,62.562819015582456
153381_25,91.3852764702926,8.906635755099035
153381_26,68.94165318222508,30.59576843329488
153381_27,13.406314945054241,11.700126054520513
153381_28,86.13046509036289,15.491999404097154
153381_29,79.05783099779049,43.72525610938516
153381_30,85.49124383311785,7.358540290856542
153381_31,57.47547232664844,52.07832796493841
153381_32,29.40197297278392,4.61098884977738
153381_33,46.5494985028059,59.567327543903744
153381_34,29.565649640790497,12.072310931143349
153381_35,77.15320965022057,7.9568436347981395
153381_36,97.29916688733337,37.92218385433479
153381_37,88.36448569402205,56.97705888480654
153381_39,82.49472683186923,5.9791200459987595
153381_41,84.15889461729765,59.34913136675923
153381_42,77.62017649797896,19.691836568965535
153381_43,76.73104758882701,39.36694061921232
153381_44,85.89092649903598,44.55206754233743
153381_45,36.09403097223512,5.343960701202159
153381_46,59.57377056146536,63.0870257896096
153381_47,62.75874393097064,7.303351474584979
153381_48,47.258311307696296,9.023796028961563
153381_49,89.45101779918133,31.746696202758443
153381_50,37.69816609002913,8.161097733350445
153381_51,87.98775255194532,25.668156659355894
153381_52,82.73951944598734,22.443125740213173
153381_55,63.64277049026307,42.13352492320672
153381_57,90.50091125461842,46.92179769083617
153381_58,72.58179396892058,30.380695778484565
153381_59,89.95956073389496,12.659775680066723
153381_60,56.14780492794047,62.51334671759675
153381_61,71.22713597758501,58.96196530594462
153381_62,94.03925583498167,56.51195784935898
153381_63,92.27840545731213,36.37571277824866
153381_64,47.42004000349836,14.055466247058686
153381_65,42.26823541521578,62.46035620551048
153381_66,79.38764833715058,28.66108559398731
153381_67,80.84812030786301,56.73088425440457
153381_68,75.75241551152507,55.892375378848946
153381_70,70.7235051594576,4.360608706353176
153381_71,90.90510408725595,47.4180639276664
153381_72,30.436483363452133,42.22279228768557
153381_73,57.40620663831885,61.789964508812446
153381_74,74.49501374604083,51.58818685913526
153381_75,76.50464653270024,23.425069948290908
153381_76,90.3016658376274,20.89386958979101
153381_79,9.05154789265212,2.2483617099999997
153381_80,85.86982162577377,45.772283198253874
153381_82,90.61746624243362,15.810438312993778
153381_83,90.15682798760044,9.940987958978758
153381_84,71.45555371982039,7.590239840348717
153381_85,84.27098793589387,60.083959758293055
153381_88,77.30173665661523,2.3937904199999998
153381_89,87.01530372514766,20.108329025886793
153381_90,53.75400847943179,5.646504004961043
153381_92,46.25361348065422,29.501615876685726
153381_93,97.09919317455417,21.515940877221002
153381_94,91.67840021531036,8.019180869200465
153381_95,89.4129719385039,30.347667399625887
153381_96,77.94429175219557,54.08238611005763
153382_1,53.15189670867056,57.225630522626915
153382_2,29.964390089940185,61.37745701523994
153382_3,63.69579481042271,10.677127476593533
153382_4,70.28702674826201,44.016684913051165
153382_5,84.5301099625839,8.953019074626427
153382_6,89.42854725932136,5.2384456658405245
153382_7,88.30340586743525,59.958933141610245
153382_8,78.17283320950608,47.5088180483019
153382_10,87.7760511872323,60.070070791338544
153382_11,26.80622750386482,12.686727317596038
153382_12,32.01067840384132,3.2382588528974363
153382_13,84.33094094029988,53.66031059065476
153382_14,76.36001369223628,62.65445713364518
153382_15,22.62459239159834,3.5555548944062956
153382_16,33.551338366034145,5.164615926330534
153382_17,90.82479146803868,50.10590277846539
153382_18,47.62144450711655,59.90832147878487
153382_19,79.65485099955075,60.0455443731027
153382_20,77.69847714602703,39.4786833747823
153382_22,85.83456199025771,59.535998716900416
153382_23,69.21465037177033,7.1717265784594915
153382_24,78.69060488247365,45.981054668604045
153382_25,27.913739295282163,65.49740507385994
153382_26,53.294871604199486,54.898062334085644
153382_27,35.13722545593131,52.537950120372095
153382_28,77.00131234449097,50.622057532842305
153382_29,68.71110913979254,61.99712726188099
153382_30,90.27380339193239,42.35997528745411
153382_31,90.47137300771944,46.35370308477502
153382_32,63.02665764060947,41.65207170338907
153382_34,91.61324459718386,20.811669006967726
153382_35,81.34384224192983,57.16721501485903
153382_36,89.72373986132516,44.86786732147686
153382_37,76.29942474884845,35.558443915239614
153382_38,65.14168907476243,5.646147115030004
153382_39,16.17943469949737,16.356496155118954
153382_40,57.834436877438804,65.73314667382206
153382_41,94.97941484377644,27.644303935362796
153382_42,93.20900754137162,10.096414002746707
153382_43,36.25486498744904,41.924897789763946
153382_44,59.28161997964005,34.24474178912104
153382_45,70.63467021376094,1.6499280741826565
153382_47,85.37652898304472,60.387959175877334
153382_49,54.815059903055015,8.402321476318072
153382_50,41.04160957400368,61.514407202384625
153382_51,25.533838836439998,36.49756600862891
153382_52,78.65689691855508,29.591162339769323
153382_53,64.05556971365696,18.33216633773996
153382_54,92.54047875409901,43.01326294027464
153382_55,71.59470311084027,20.697727278987617
153382_56,51.24033123970854,9.044327453685696
153382_57,51.952562800469344,6.646351246243029
153382_58,69.74616323064748,6.21447263138693
153382_59,48.21523295005958,13.169123229064787
153382_63,52.183436256036195,62.2603411804303
153382_64,94.05041215744927,58.85454157684392
153382_65,23.474740658487995,59.35937188498103
153382_66,88.48346430934932,56.24875362045718
153382_67,90.43098432162,9.215706569579378
153382_68,66.56289308290893,5.505971510192975
153382_70,86.37356553512835,4.898772284261366
153382_71,88.66891574109361,58.18834344000554
153382_72,48.57481284352311,9.472585004021715
153382_73,86.47345918094992,56.79057045158496
153382_75,36.63984418167746,4.921254798531186
153382_76,61.82650548999783,46.66693648403498
153382_77,30.448437990111167,65.95138
153382_78,89.14174777317005,47.21653367515682
153382_80,73.24586190101327,9.966796403734236
153382_81,91.60778024234948,44.72503657049487
153382_82,93.09410397101112,31.109795772573257
153382_83,92.66374449914501,17.902841827073644
153382_84,94.48261948299452,30.03192631312313
153382_85,64.52506184611782,56.80197896986731
153382_87,92.27768136624616,22.835295586219203
153382_88,63.90031736468179,59.65939389896663
153382_89,29.474687668924048,48.25345223703202
153383_1,94.06559785784773,57.84312182696006
153383_2,40.91865981089279,58.064204053998296
153383_4,30.109098126705057,2.5940429132801346
153383_5,69.28915895431862,11.119582049036401
153383_6,87.53519133223148,8.64480090483787
153383_7,89.28139684606555,9.47763023133764
153383_8,38.878213165750665,59.16974896956896
153383_9,90.57504770047045,18.07734998494169
153383_10,93.64735402715644,44.46423424314008
153383_11,70.74071220318648,61.656856363560706
153383_13,43.37725968323791,5.528084311121658
153383_14,70.88390861279161,7.300147117350388
153383_15,90.10996452674142,15.735035403495996
153383_16,68.89206885014951,4.045718828945622
153383_17,57.12549326349835,48.59415374004326
153383_18,68.39789507777115,58.34120386376191
153383_19,87.75550960657951,56.748894148535655
153383_20,56.11228214318591,4.059627835313201
153383_21,52.61948474316593,12.965834129510629
153383_22,70.04895986278055,61.56731338351452
153383_23,80.17257667639527,11.75210168959127
153383_24,72.02060889948476,64.14778238157206
153383_25,80.94450148827269,60.90984811413145
153383_26,33.32449618772066,13.487277626066053
153383_27,83.5332289188105,51.170899437983344
153383_28,70.0136398477924,10.677677837372235
153383_29,85.74884187901797,43.69197721060095
153383_30,56.58493839998508,41.62405806982783
153383_31,63.13480101363841,62.29674386407541
153383_32,30.78473383690403,26.801268040971888
153383_34,69.40043750736521,4.164680948560088
153383_35,81.3915441598468,35.69207828775107
153383_36,96.64541190964799,17.933705866203578
153383_37,55.57266400153135,8.434698376264642
153383_38,71.57479199391133,5.61705238941069
153383_39,53.38386597624843,64.012838168848
153383_40,62.507818181299996,3.8612667051144722
153383_41,38.88119094882161,10.287600077397771
153383_42,52.50152506562842,60.30196898106621
153383_43,25.03271868057839,1.854276165
153383_44,78.99472481086207,62.25880473284403
153383_45,85.56104268308329,52.262906428319
153383_46,61.76937983753274,30.558775453015066
153383_47,95.58744664028575,40.16232219733142
153383_48,87.25702845164156,54.20930767908504
153383_49,77.21343873369493,4.7722389176307844
153383_50,52.364248183705485,65.18092153404835
153383_51,44.4109188380788,64.92806293620944
153383_53,88.09493753988886,21.24500522212321
153383_54,42.09050496220674,2.7976205337816316
153383_55,24.680105423091906,64.23960080352391
153383_56,90.05546000906605,14.811131539610589
153383_57,78.48559926799474,9.878650590023629
153383_58,47.57641929964613,58.82981631919134
153383_59,76.69527065123506,60.91860315927823
153383_60,61.413491544774686,2.492065946690947
153383_62,78.408680278789,58.52774998896649
153383_64,91.29993166872941,54.85214822235774
153383_65,50.4488391854091,47.46650986958835
153383_66,67.93784647880696,6.512710342529194
153383_67,79.67652318972443,52.88253894399202
153383_68,74.42387892154005,15.853728274793424
153383_69,38.1008197040445,5.180480861123286
153383_70,39.73877122772394,6.232624336994909
153383_71,87.48899364960751,54.352445450008744
153383_73,21.712942115124424,60.40776516548423
153383_74,62.98146176790097,61.571586414468456
153383_75,60.27510035954003,24.829567990913517
153383_76,63.71792845470279,60.714734604673694
153383_77,79.93067618858557,21.005534836047453
153383_78,90.23807700597787,54.28512182097772
153383_79,86.07436575331994,51.84250641343057
153383_80,92.31879707376658,40.394813947560024
153383_81,54.441191553705096,30.16153654623994
153383_82,52.854556545054436,5.161492444876544
153383_83,76.34174701198023,25.117168438728754
153383_84,76.64084198470906,61.2392663642143
153383_86,49.54215224024527,59.22049100459556
153384_1,65.54298954586218,63.097884016323874
153384_2,67.14431821811745,55.7174242482626
153384_3,43.135435041516615,2.748131931950657
153384_4,25.429420624284077,55.95541979781761
153384_5,74.73432038657928,8.573523840430466
153384_6,71.15659594400671,65.54879424999999
153384_7,51.12552335843287,2.894529106627748
153384_9,78.2496719245699,42.08720489023098
153384_10,83.25238920001033,32.32229461305574
153384_11,52.400117110185576,8.38068999267467
153384_12,89.5428021455075,62.62195109360342
153384_15,67.09679272473764,54.095915331116174
153384_16,68.36641352189334,8.540996780335043
153384_17,53.40259754790853,60.021181610836635
153384_18,50.85478350086915,2.20362905
153384_19,78.12808000426345,31.11040348074748
153384_20,88.44100403579232,5.431228722438039
153384_21,52.27046342114957,50.16370380938132
153384_23,47.85180259313722,24.20077374001921
153384_24,55.244278301343265,60.05212216584577
153384_25,71.74313562934941,56.022028413733906
153384_27,80.21400740554606,55.73242534414355
153384_28,82.84050368698065,60.05816730136126
153384_29,88.91156721394918,9.977500881315649
153384_30,68.27455400748794,59.383948861739455
153384_32,78.54829271394027,21.124130897047227
153384_33,58.45914976403008,63.43890791246866
153384_34,90.58816016036484,47.69647370553923
153384_35,35.168763128875796,3.588883647018291
153384_36,94.29894593931246,27.288767952634984
153384_37,40.96948064961968,42.940687509806416
153384_38,32.00358322395928,38.83955411096308
153384_39,46.51930797721568,66.14939809999998
153384_40,37.12554991034272,6.8939980359252395
153384_43,76.32398462142854,7.43277423945845
153384_44,59.556123190862294,22.51591649945709
153384_45,70.41744850285104,9.914181951943652
153384_46,85.32650053670872,56.905513899132586
153384_48,93.6131450975731,62.51176811489505
153384_49,21.163375410844324,3.4362285435095914
153384_50,70.42143315305856,50.80027772151407
153384_51,95.26105975578722,15.613640112161654
153384_52,42.88432679344914,61.736305797953406
153384_53,66.72321909148384,13.559352501878237
153384_54,94.27088025339091,7.260078434869865
153384_55,81.2508148067777,5.059588043125709
153384_58,90.37248493484299,49.3408645601735
153384_60,60.07156856620062,6.9558732061278175
153384_61,79.56182244242487,34.50163947348553
153384_62,79.77371404878848,13.014972005446419
153384_63,71.6978374242826,6.7706896364208085
153384_65,34.14744428155575,2.6387827112525715
153384_66,25.700052773980193,9.208608090678187
153384_69,92.97574084185574,8.371018140090232
153384_70,40.84960711240643,6.362816947060057
153384_71,32.55800771104013,2.766497334719107
153384_73,27.36894332185823,58.51971676530303
153384_74,40.30401823981749,65.16266467662126
153384_75,81.39041292608411,19.426684025903416
153384_76,34.97289737729177,52.73100322402417
153384_77,99.0871116522387,19.951443075821665
153384_80,59.047527482206945,14.426584958212262
153384_81,80.41020266994565,6.701418017061131
153384_82,78.39316612314605,11.362566079597103
153384_85,81.89502111973883,47.1615906432221
153384_86,73.30561368127925,6.668115293075286
153384_87,50.337784404095856,57.19729152385895
153384_88,53.16895536248167,16.34501696044589
153384_89,90.71373636034133,4.50956586111356
153384_90,64.46083154459636,1.3973286867719055
153384_91,53.53585861182604,44.429335076442676
153384_93,66.56626825273452,8.710052198106531
153384_94,43.12341986029361,39.11410649780019
153384_95,91.30970692327067,20.82958349454131
153384_96,84.65327881629206,23.722107543553605
153384_97,27.755608322061356,4.338233208324007
153384_98,66.18355467036544,59.69925482994928
153384_99,29.042641718395394,3.3434057849239256
153384_100,93.99361544286708,36.18789048572533
153384_101,52.28344805288857,39.630202558048566
153384_103,39.949817232902724,47.45175091701951
153384_104,68.94410031922172,61.71949195660446
153384_105,62.031961506961146,8.06428156723482
153384_106,49.482638995353774,35.882522098181255
153384_107,72.08729623610142,48.882748404969874
153384_108,90.75732300574114,8.523224050351377
153384_109,86.44707239836366,42.42697362706127
153384_110,68.80943677227505,53.38236260470433
153384_111,84.27840051580381,61.96550543695834
153384_113,41.659744646458435,33.94804892498633
153384_114,98.70943531890083,32.49140727570252
153384_116,96.01533157271848,35.10776374908316
153384_117,88.1676208782003,52.3046643376653
153384_119,94.24145829462547,38.156205597633296
153385_1,73.46016756027075,65.91878593073125
153385_2,45.39082035381927,9.464232769918913
153385_3,59.24372279375849,60.309296160878866
153385_4,12.81851535866351,63.586233336137674
153385_5,63.65353114964482,5.360047827039697
153385_6,30.63479151098761,62.30175931225713
153385_7,54.12149141018271,63.747504058603454
153385_8,82.3573586773626,46.7074290356836
153385_9,81.65226506276039,58.780567538663036
153385_10,88.65486597279794,56.753519616988456
153385_11,79.69831499651809,26.131035296728108
153385_12,49.814423396933634,51.17362290596128
153385_13,18.913157335069343,38.58581964310645
153385_16,71.78506756697419,18.553568712713407
153385_17,69.10976386217581,56.699674642918964
153385_18,72.04621776225716,44.408341113444195
153385_19,41.38000493717894,65.65202062281426
153385_20,46.84141263639147,66.610367
153385_21,59.796972490773975,62.2806811013232
153385_22,81.4960871267613,62.624954645013325
153385_23,86.42465292037491,58.72393617160491
153385_24,37.108755887493125,60.477334393002735
153385_25,40.57869701314689,41.49117857972996
153385_26,82.45453304808025,32.531792582550096
153385_28,73.1958153862283,63.48771182662023
153385_30,16.94883196277975,43.54693185874316
153385_31,70.8190681239877,11.952715670957765
153385_34,62.86900452466092,6.54682807325714
153385_35,43.81977833097362,54.30907889777431
153385_36,88.01108435129738,59.57169413449533
153385_38,90.64321860792039,18.372993938139295
153385_39,72.22587019143566,49.548344176021516
153385_40,90.92412716019955,39.77280342640246
153385_41,64.34393153429059,8.995632324126575
153385_42,37.25054361428023,54.1107661604032
153385_43,28.960029507381503,64.70172786594534
153385_44,10.409239916940988,8.048966602738648
153385_45,87.29772359407627,52.62402158120196
153385_47,87.7868063445487,46.96920217791784
153385_48,40.84456181140078,57.82778091158012
153385_49,30.388389969575883,32.78734234204477
153385_50,54.586283713636405,4.547418112821818
153385_51,64.72662920168783,59.72742930754373
153385_52,91.37887763357824,20.987436553651968
153385_53,85.57304381259777,34.51129239141008
153385_54,62.941252538131614,44.35299692682463
153385_55,74.72805038445517,14.578844351661218
153385_58,57.76881066986037,58.67625979693439
153385_59,92.6156984503414,17.780951858100273
153385_60,95.88455864598092,15.529265874362302
153385_61,81.3306408858126,44.87905933723316
153385_63,70.75437253459904,42.217842772138496
153385_64,77.99611953875443,8.697137250175514
153385_65,52.121987732901616,24.50237033145006
153385_66,96.56630743469087,16.41801207752775
153385_67,71.91013688983807,12.367687498487175
153385_68,92.18308934793875,26.035954054944234
153385_69,74.94679391105979,60.11421643482551
153385_70,66.47587933707571,26.1339539354395
153385_72,78.38425356964393,27.831598448259438
153385_74,61.970651243128295,7.713169999328467
153385_75,50.9439820332114,5.913648803608487
153385_76,83.45590965436328,22.947994020707995
153385_77,97.62848564786364,59.744011197981536
153385_79,46.75660060471813,2.7443958751430233
153385_80,66.70397724227105,6.326513408297002
153385_81,59.54684583958468,20.431514495217126
153385_82,40.510320569392675,61.442838143483016
153385_83,89.41685153441205,18.826000366339674
153385_84,87.0133170749809,11.281964939413957
153385_89,84.64717941973596,31.952412570673808
153385_90,100.78567985211265,34.62706792333134
153386_1,78.76594240044227,4.011994676590379
153386_2,85.46556557465719,10.395799526317305
153386_3,55.332100748293044,9.609052394194414
153386_4,69.05123499976897,5.499838537777505
153386_5,86.4203273713464,42.57092047748051
153386_6,85.45739947343328,16.442538855510392
153386_7,75.10064722868256,61.504256444109174
153386_8,85.94587136876108,45.345201988412896
153386_10,59.873952236302365,21.694815257570387
153386_12,57.93128490723808,37.46185360579392
153386_13,55.89217596250641,57.20625894337511
153386_14,38.97119225982864,56.84106409729219
153386_15,96.96685479215314,56.928375614841485
153386_16,80.99315719025108,5.856576132070234
153386_17,25.24989498692968,65.26679155
153386_18,91.74769450440336,3.649575445710403
153386_20,53.331023453592756,2.2936234022605255
153386_21,79.88111333183724,8.59273206407252
153386_22,61.80813095418891,61.01579480133556
153386_23,90.08625231511967,30.08226054570411
153386_24,80.87407073441847,45.43181001026362
153386_25,71.52075763254722,3.7237906669354706
153386_26,84.00075608808758,1.1816264625682322
153386_28,61.28489663033697,20.31542804453381
153386_29,70.64152941004839,62.610553538070604
153386_31,72.60773070514018,15.267255508081508
153386_33,55.05444330559094,63.1518001544252
153386_34,66.06632756284043,3.712291941464568
153386_35,48.933557755965396,62.72172449183608
153386_36,93.6622439848031,5.212393900301091
153386_37,26.56614985301679,47.50783503893658
153386_38,91.01001928075071,56.80799136974271
153386_39,54.01458116933945,11.501710400812675
153386_40,44.4973199102519,35.09852012589386
153386_41,56.280576349754725,12.258646578313813
153386_42,70.42293568033813,15.735966767381257
153386_43,86.0183997034967,63.32992197366248
153386_44,71.40319844696016,59.12850974631134
153386_45,88.51216564762748,48.88910893485186
153386_46,79.00528505705861,37.86756006548377
153386_47,83.3346488172078,59.999763212315045
153386_48,55.23413927955954,6.293873047249409
153386_49,42.916042248477524,64.80218065887088
153386_50,27.556425207357584,6.546077492303925
153386_51,68.08046624323603,7.152872294310736
153386_52,63.87255631774414,63.898212417230816
153386_53,43.998312609901234,36.48690960520197
153386_54,97.41199389003137,34.337311179838935
153386_55,94.61567805478636,29.217246708053537
153386_56,71.68152048277713,41.84793601186387
153386_57,90.19617107188607,14.591833166891082
153386_58,59.7571258440727,29.3862179273236
153386_59,69.17302708549818,25.678346219652035
153386_60,90.39108709261765,23.872689231226154
153386_61,85.57238069597602,15.930283448449831
153386_62,80.04169375068909,43.419327945790045
153386_63,73.81953407976165,66.57034452340338
153386_64,70.58089418999107,62.02944717911956
153386_66,85.53086015275154,6.882276867570121
153386_67,56.19856354071207,61.13204241258116
153386_69,75.05805030259337,23.661452236898988
153386_70,37.076513545006605,23.272274641795825
153386_72,71.38941175338434,7.595835948860596
153386_73,28.15748102049822,17.98310586548631
153386_74,62.51153562924321,10.498186118653912
153386_76,92.03352586971764,47.32187196366527
153386_77,87.37114881077555,10.946792578541421
153386_78,63.73214148214936,4.87450334878271
153386_79,93.54082677515302,25.462203939437842
153386_80,36.030594537441914,16.217116262107176
153386_81,88.78413742382905,49.90848552112774
153386_82,84.35572910500998,12.919286212556973
153387_1,77.98535940134673,9.1746449153459
153387_2,81.9515548257733,1.9503865452526972
153387_3,74.55557333612734,17.586926441853272
153387_4,88.07086298609109,23.413782579594297
153387_5,76.00157209249618,22.506247762581182
153387_6,41.88270443649027,52.63192252704145
153387_7,15.493113067748592,4.152845976868219
153387_8,90.47091462535113,40.06851902249554
153387_10,83.98433876072724,10.207740304095772
153387_11,67.31211994232905,60.833442889370446
153387_12,30.951048286658924,49.60065917309837
153387_13,56.84832658300842,12.414841420377455
153387_14,68.45668354252125,3.9549968334090115
153387_15,21.09153592716552,3.9436302068089955
153387_16,95.06656748642052,4.911358461304068
153387_17,91.60973837133477,4.900743658905563
153387_18,83.18116348476585,10.385814554745991
153387_19,95.23731450963344,31.65062526738391
153387_20,51.01438709973108,5.680706760189239
153387_21,77.51261385721295,36.12320510053073
153387_22,71.32565295049854,61.454430201504564
153387_25,67.66931265221616,62.32455617449838
153387_26,44.97796293835235,14.314889602983321
153387_27,92.2788306123141,44.62843583760984
153387_29,80.5320843575359,3.7662642051369413
153387_30,80.26203708247189,24.067206984392502
153387_31,73.57004796579697,5.260952474750769
153387_32,88.2675089385075,62.4049163875446
153387_33,31.927219488065425,2.8569857560955763
153387_34,81.85035501627986,16.172631425354417
153387_35,38.12475610443679,63.16706968210917
153387_36,81.7343833220821,58.42413229632531
153387_37,59.94581939627197,32.3959656927863
153387_38,83.475277747167,10.34829812292192
153387_39,37.38203315766575,7.118686651243081
153387_40,41.307925317652575,11.690810815310165
153387_41,75.64059859671478,23.878612840232183
153387_42,91.56066149541078,8.877049950960089
153387_43,88.5362868785207,52.35518619932379
153387_44,92.47838815648313,16.266818377220503
153387_45,87.6026715060583,15.23766367937516
153387_46,43.02546691521305,37.84649932577628
153387_47,94.20316171354813,52.16472490840856
153387_48,58.977249859384685,63.08496616602105
153387_49,52.33388930775093,13.548665576728643
153387_50,91.84932880113877,38.213498879539905
153387_51,81.97404131866668,12.316899268162462
153387_52,56.27316561047593,54.10063524327302
153387_54,87.5207006667589,37.55497196703145
153387_55,61.89183151154298,30.800204648480985
153387_56,53.148780361578936,25.482688635367957
153387_57,89.84259894194884,13.851730905054024
153387_58,77.94530507554005,19.530907071379666
153387_59,87.46585346498136,43.191941023033365
153387_60,42.9486496867894,5.292763983306818
153387_61,79.14865178936695,5.1094338512001185
153387_62,96.48957974425274,7.015718883411798
153387_63,80.244992004502,47.34766881746627
153387_64,78.3032147708578,61.72793620033232
153387_66,41.92411209809664,50.02106802817238
153387_67,90.41160846200572,58.27577142794168
153387_68,70.22732609232314,5.153358484600705
153387_69,90.2631842549255,10.91591283872981
153387_70,59.166882732513145,20.57052632621133
153387_71,65.91529766602551,19.276607563269394
153387_72,88.98377171948539,41.4218985841115
153387_73,35.77827882426031,23.42044057477496
153387_74,38.96634172644775,62.51231710346826
153387_75,49.53752195854743,61.14340201589066
153387_76,55.29807137101445,32.593015025092114
153387_77,94.25852106363396,41.10964093144831
153387_78,94.28497175183672,24.104458692184103
153387_79,65.98529375644435,14.2707927937929
153387_80,90.9772926443101,9.407235127631733
153387_81,83.11746707415378,50.140267560055214
153387_82,89.99945652192602,60.328088074561805
153387_83,87.61287290123279,35.89249417170142
153387_84,97.7296191336778,57.474189706303896
153387_85,90.25285627680802,19.785828789187835
153387_86,32.92258906917172,3.3497028200895915
153387_87,68.6604972557587,31.58432857117131
153387_88,44.63280869034912,4.4561814838411795
153388_1,72.61922972944826,5.43811340312903
153388_2,89.48089350677884,11.966144881777575
153388_4,99.66491005419499,41.37273786239664
153388_5,64.69052523916396,22.509968936680853
153388_6,75.90908618358341,57.44206209124442
153388_7,43.80688613949832,2.389608876995498
153388_8,67.2764057293146,9.454929422191647
153388_9,79.27795351295823,61.67455814715092
153388_10,57.52729060180734,6.130747608041161
153388_11,45.7150342627152,6.710792324007979
153388_12,90.97143682848203,39.496751689137525
153388_13,100.33987584944467,26.765303315585932
153388_14,80.3468230850018,5.2040521030341225
153388_15,68.13914307877585,56.60847192233371
153388_16,73.4633609828862,63.66622131728015
153388_17,55.58405562938191,7.182171740726046
153388_18,66.28918231516482,10.068896443382249
153388_19,44.12819383809696,36.23533671261138
153388_20,19.929400739540135,2.41035382
153388_21,57.36273968603814,65.18369157494914
153388_22,74.63695702205099,6.092797841110629
153388_23,52.931695425738916,29.46399772973456
153388_24,82.60402727583178,4.623890657553684
153388_25,78.02449020223155,54.983267765241166
153388_26,67.25151737322618,29.969794343403308
153388_27,61.74596589542675,15.925716111741469
153388_28,90.04878810418063,42.66198316801692
153388_29,81.66968278152873,17.067547732990825
153388_32,93.77213055391475,8.926952021931028
153388_33,72.87967285879034,4.823505807319366
153388_34,78.91199717871955,46.72960769116606
153388_35,88.36699928335898,20.642546784473865
153388_36,44.646577892816026,56.98572027362306
153388_37,92.29157124311428,57.779057478466584
153388_38,88.50745496860262,6.577693654834061
153388_39,34.90010659643295,4.475592523825541
153388_40,84.50881270596756,54.82126073336225
153388_41,64.80111730424728,46.05082185065199
153388_42,75.04607267874663,6.02260876714689
153388_43,84.48186710693426,51.30500442770955
153388_44,68.87012461369336,22.744916393404523
153388_45,34.62051189387106,64.4756925201342
153388_46,90.04856451070151,51.364415911081714
153388_47,86.92291842889196,32.47719152277432
153388_48,60.99022490926316,43.961340444942095
153388_49,56.474861572695495,61.31911127453051
153388_50,66.93467449313965,38.98708520291223
153388_51,88.82876875378099,22.201944853231513
153388_52,60.73120306214378,17.8955487341953
153388_54,86.0115001639291,2.187027975560565
153388_55,24.897970624557317,60.44217289964829
153388_56,72.87193588924922,10.10886135763651
153388_57,17.909723220157186,11.676015898316383
153388_59,95.01104166098969,33.834480054961304
153388_60,84.32224863363669,37.58920560230956
153388_61,82.88461473856297,41.84123655003322
153388_62,77.03842417833886,14.839048203737068
153388_63,56.609173502791805,27.328120478966433
153388_64,83.54252973722669,53.48664802384319
153388_65,67.84896521047656,66.10517054401959
153388_66,35.91518956912488,9.511668839454636
153388_67,91.07516724030694,60.651375254952384
153388_68,58.008589401345894,46.52081502777607
153388_69,62.000018884626655,56.487235580728125
153388_70,55.673830185331084,59.36264610076442
153388_71,76.60620785874099,15.144314310008866
153388_72,70.94858314023165,1.8854738334800003
153388_73,76.41638048005993,17.55050735131699
153388_74,88.39031456042098,9.060368873659812
153388_75,77.77543717734858,13.160599729058934
153388_78,89.09080252215524,26.866721052466467
153388_79,72.1176999224804,14.407171699092322
153388_80,57.301130612322204,59.51267155984506
153388_81,91.86671548555789,22.90029269671164
153388_82,42.694348922216136,42.63592942961976
153389_1,71.70418223429377,65.39090596375769
153389_2,35.808807627243574,11.059771271916176
153389_3,44.85275680254391,21.971623620879093
153389_4,60.45968408414443,63.732937032974746
153389_5,71.31128524228362,59.305126969155744
153389_6,63.38212633270561,58.351253257565986
153389_8,62.131169613398534,38.70221293865657
153389_9,64.37386595710417,44.741036937093384
153389_10,63.95107924784506,5.870064180630628
153389_11,77.41144618329275,5.62813517086877
153389_12,31.863405401382863,61.774358752722165
153389_13,73.79013143545018,22.512074257246393
153389_14,96.51362023707443,33.366105905354814
153389_15,68.10851104334822,26.354356512800106
153389_16,89.4828452334086,58.8988047053325
153389_17,41.55085844491201,61.31122119221571
153389_18,93.68032365652905,40.30777261745397
153389_19,73.13681629341782,37.795717514937806
153389_21,38.049421129842486,65.346216
153389_22,38.36487966430893,3.7525342069210357
153389_23,88.58154022774758,20.837157900427588
153389_24,87.54197896601262,30.306935337095204
153389_25,81.08571862838942,58.44297871303456
153389_26,73.45575176339553,5.592278439092431
153389_27,64.78113687905761,40.12960000612652
153389_28,85.54346605068746,25.38807249012465
153389_29,53.18119307617654,60.403913054672316
153389_30,76.73936923231406,62.6254951579383
153389_31,92.40845809173393,56.91102074672017
153389_32,87.48557745036811,36.64990963834637
153389_33,71.59134936889133,51.15495718406238
153389_34,9.641013187363948,61.0576747334147
153389_35,54.035827813540436,39.73279200084147
153389_36,72.19765074895629,6.607588430993584
153389_37,62.95165426004859,62.048360442897376
153389_38,9.41245203045373,14.754574588460942
153389_39,70.07787979622532,67.1134056025262
153389_40,32.299923881324936,63.04235131640799
153389_41,74.07598272240104,61.68427247196658
153389_42,89.30498656121088,40.110440931517005
153389_43,59.33835081429672,49.89199509510827
153389_45,61.636433624025834,61.549923818071036
153389_47,67.23859273194813,59.5462773660915
153389_48,54.04674695564914,60.25707102632441
153389_50,70.20942516987962,64.92158103786761
153389_51,8.388476042622942,57.26550164516498
153389_52,53.98739900280921,4.509234438448331
153389_53,68.21217252852588,60.20390755290847
153389_54,85.73738084542617,57.24518463830644
153389_55,64.22100073926222,46.83292436788773
153389_57,82.45882064845347,5.495761593516982
153389_58,98.42502192894374,39.6588225477802
153389_60,81.06027388570642,60.63047494625083
153389_61,37.120789275680266,5.364983333899117
153389_62,26.510219840653175,55.73828500124159
153389_63,26.670200610063326,57.741936785357176
153389_64,80.49874807786492,8.710171742679186
153389_65,83.89535355283812,6.916276164355708
153389_66,89.42301594835415,40.292341540184886
153389_67,16.03929736909442,18.630385380059483
153389_68,92.84796520475997,34.281736014305764
153389_69,87.08214932450429,42.31416352612537
153389_70,90.61443126153424,57.20208511409751
153389_71,72.05900772722796,8.232260345120501
153389_72,81.98564209741558,6.020585467680022
153389_73,92.92481147505818,46.87638156416007
153389_75,92.19001063098067,23.174658018570646
153389_76,31.91520384511403,6.635399495111499
153389_78,88.90433339374127,55.78646135969191
153389_80,90.01986483858683,42.16022301358602
153389_81,91.62616013206215,53.422046378889206
153389_82,65.38339018118245,17.18369561433216
153390_1,42.936872232799466,8.43850645076777
153390_2,41.00641166681703,8.464742726268904
153390_3,90.67054464877664,12.59723417253079
153390_4,46.94864806140577,12.523042543822571
153390_5,81.99514275925685,60.7014239497398
153390_6,94.7552581519027,19.725540518154794
153390_7,86.60554790874193,36.6599610893557
153390_8,44.16575729527054,52.6993435996403
153390_9,88.11401745933892,33.52611449882687
153390_10,94.2109312153625,6.094222156256269
153390_11,35.783191766562126,53.12680845543704
153390_12,81.87403273418478,14.870248760307149
153390_13,35.109425118953034,35.85435215232223
153390_14,55.924907247617995,2.3858148158735877
153390_15,38.01174181094301,44.42650122648887
153390_16,90.71558108986258,62.31455641135645
153390_17,54.82841135744717,61.08974402831258
153390_18,65.62495959292059,26.285032375440203
153390_19,63.34646595613253,39.433018157262694
153390_20,84.15361602803858,48.59820957190432
153390_21,87.92947464315962,6.438005338701794
153390_22,49.51631387269062,9.504878656115071
153390_24,52.40955284183016,40.89688632190681
153390_26,68.74839919758827,5.17221399547657
153390_27,93.09403346139537,29.867478504955002
153390_28,50.5747238826425,5.521393973903896
153390_29,28.367362625933204,59.053902669208334
153390_30,84.01354086058429,40.66790082382393
153390_31,93.16913265870454,31.196858539901953
153390_32,74.85886644877968,44.241275441540054
153390_33,74.37331241469136,53.838765981203736
153390_34,92.9171391519787,26.90010769785705
153390_35,29.711264513703508,63.55212031919133
153390_36,74.40885273970966,5.663238978918342
153390_37,86.2709588801367,5.4568044171438945
153390_38,67.01007619841687,9.14576752590846
153390_39,53.6823676041725,61.47324091273099
153390_40,66.98028439514681,56.7972324001513
153390_41,35.91726584925917,1.4485378949999999
153390_42,83.39016123086544,28.460478435804628
153390_43,33.2989984100384,57.89926612897689
153390_44,34.10093608061435,51.2978554063205
153390_45,79.62420963642629,23.141717632132348
153390_46,70.96561471978362,63.95385244426882
153390_47,91.14757320439625,52.88902347424623
153390_48,65.68254851532771,25.290902912789562
153390_49,48.748772995334065,52.313214514386885
153390_50,63.92118749355253,59.292502687321935
153390_51,22.769208419311376,11.042917996622688
153390_52,40.62483879138243,49.94536631735495
153390_53,88.655339611487,6.145882480624649
153390_56,45.12954044774862,12.288524085941779
153390_59,23.193329631495523,24.26652992243232
153390_60,59.95649800914079,41.31303142526676
153390_61,38.98591177566374,64.47360328086822
153390_62,64.54409593816166,8.847215995705056
153390_63,39.473552452486324,49.934557144556734
153390_64,9.293903734612623,24.9734838506605
153390_65,60.28234087306507,56.749263625153645
153390_66,80.66233230335065,24.608197212417576
153390_67,48.797464033143385,55.71762857320139
153390_68,90.4106105337622,41.83904004393509
153390_69,89.95429551255611,56.06920329698639
153390_71,32.37083581757413,5.53089533468963
153390_72,79.67362690632632,63.26840442544369
153390_73,37.71998594113499,46.35288832025332
153390_74,57.54870244512148,34.29362336159266
153390_75,47.52110729949398,2.4044608744828975
153390_76,55.780574610387376,11.995198910019024
153390_77,33.86605756938909,50.81261657654508
153390_78,88.56317875215029,24.506371041205554
153390_80,76.82511490419975,59.620133422573986
153390_81,72.19463482048076,2.6892675948152935
153390_82,87.38302769898708,16.92379048499823
153390_83,80.33252224802561,55.39394226214637
153390_84,88.32107431356906,6.071665153150624
153390_86,76.71892271835432,9.4043394073429
153391_1,22.01159092949161,62.02424336177603
153391_2,80.64614151778625,59.1629439220293
153391_3,81.02478165876897,6.307083803163959
153391_5,19.124673632819075,64.99504979758964
153391_6,71.30093130607221,26.083296807146994
153391_9,31.82687409670181,62.79040659232423
153391_10,26.58406331288895,64.6951056795916
153391_11,97.76945973080834,45.103893638138295
153391_12,86.5892896056236,54.13085340014336
153391_13,30.436117696217135,3.154539015273073
153391_14,76.29454727001576,16.285222888704524
153391_15,44.87980995654874,15.774885774626004
153391_16,88.43846579566744,53.64342000776281
153391_17,83.69975889353,48.64300782501946
153391_18,89.86343167856688,66.07677844837094
153391_19,21.923426174036912,2.9475296778244324
153391_20,81.93796211864228,45.24985267770449
153391_21,70.85102974966264,33.02461144085937
153391_22,82.83178570844602,55.555184538612615
153391_24,72.40564721174661,58.63447786954626
153391_26,56.91697786692539,63.112214743215276
153391_27,89.93463618407503,10.618848463237665
153391_28,92.30026123361583,20.939733806204174
153391_29,70.17246817891306,62.95662897152164
153391_30,47.89700882346015,23.06236751320644
153391_31,52.09702913096307,3.7154559319918037
153391_32,51.165542279261366,62.877604546601574
153391_33,87.71919086708971,59.11223523421199
153391_34,49.44650136163379,65.07302523043805
153391_35,48.61632499656248,62.835553001168364
153391_36,82.59368452277246,16.295768450724996
153391_37,47.01416780546167,62.73527751767261
153391_38,87.64862179174396,55.239429284273285
153391_39,41.400531821039564,60.72495824921368
153391_40,79.88118476481624,8.429048214754443
153391_41,17.262868657009673,62.04378178921374
153391_42,48.270571709505134,56.87123312157742
153391_43,47.05623293108892,10.563212970097272
153391_44,82.81128935465038,21.831382851122374
153391_45,69.49737017661863,3.905216995869494
153391_46,37.990187377964155,65.75496108819684
153391_47,77.45265744055692,60.96154110057507
153391_48,88.77567034227181,30.275337621629465
153391_49,62.88193996231739,59.91407248307666
153391_50,91.1957864838878,55.34227252738657
153391_51,89.38683580115732,56.95233018654872
153391_52,72.78595203168267,47.86148151892303
153391_53,32.16497025076394,61.05334967885719
153391_54,46.956838850075385,16.257087185317566
153391_55,88.83887922569858,46.61186948272268
153391_56,71.46667041510527,43.08734388291494
153391_57,54.129123362504885,3.1064105290263306
153391_58,40.78761812454736,62.06277112813564
153391_59,54.51343852883515,1.7824793643208272
153391_60,61.7992238839419,8.740421180265757
153391_61,67.15237577795897,63.329766775490704
153391_63,89.56853371860421,24.40217496903256
153391_64,71.94014339565601,1.6232250599892537
153391_65,90.26711726395693,39.51948819834504
153391_66,96.64834158564736,59.48801938507456
153391_68,69.30362848316305,56.08251442935584
153391_69,57.45814599696233,61.47264554139626
153391_70,60.63851093570129,3.094638552411727
153391_71,78.65029163093037,61.62377521508229
153391_72,58.83724011642465,4.394549239227827
153391_73,84.87952742493972,13.407772276553693
153391_76,63.40760557102612,62.41497993233571
153391_77,82.35679213987652,12.512563636023177
153391_78,90.22920111897525,39.439017082413855
153391_79,91.15386055825658,15.595691746900933
153391_80,71.56856714661967,30.375342135400274
153391_81,38.958271589054604,65.87708028795512
153391_82,74.86683833846854,57.49783700003147
153391_83,84.21320406216543,7.457735175982808
153391_85,85.39324466295804,47.236619183283494
153391_86,80.07917003696842,5.902137083146279
153392_1,55.76310155308299,6.975974937688054
153392_2,71.53476009885082,5.801081595927327
153392_3,56.54619436841778,63.16652178555864
153392_4,80.20185591927998,0.711661405
153392_5,90.68743367468619,3.369524459449133
153392_6,94.62868387244353,42.24502407526802
153392_7,48.27339768598736,59.114929506796614
153392_8,87.95310145705375,43.06355753324458
153392_10,25.08884161735491,3.637905695326185
153392_11,77.93933766980078,28.831491206361214
153392_13,6.9355858756990285,55.55131266329333
153392_14,77.45821909088505,61.67488964673121
153392_15,72.84517727750669,13.074614195112247
153392_17,61.65711789522649,61.941726096472216
153392_18,98.08141308932863,61.02765065796933
153392_20,24.383473452099828,60.72477309585435
153392_21,15.55222077080105,6.547447450441002
153392_22,89.32747695734002,31.09818060737001
153392_23,91.66374858669211,17.64212308221979
153392_24,94.083986633882,8.470135991261412
153392_25,30.542943746443022,65.23397627524989
153392_26,88.22565837533827,20.59089914015767
153392_27,50.527216353233,28.210421620663674
153392_29,42.966710239220546,10.314046824764304
153392_30,55.89870874462126,1.9705328149866577
153392_32,21.072219219279276,65.60138175
153392_33,16.878517240434157,65.890197751254
153392_34,38.33131426702991,11.080839766959382
153392_35,53.27033658688933,7.2224031889028435
153392_36,79.88108375637046,35.83038020908754
153392_37,42.54842673355572,24.68852227987951
153392_38,81.07821903057666,60.599448530723265
153392_39,71.91857983338848,4.373071021604414
153392_40,87.64735715507436,36.92653477361662
153392_41,89.57223129790418,59.94975863176988
153392_44,51.993452234338676,20.983024535239732
153392_45,48.77040397997847,55.45571695522458
153392_46,59.15929052801258,9.404797570574564
153392_47,51.35722518983415,6.973304046798956
153392_48,59.66713286596041,2.3990455344772563
153392_49,81.65735420953334,40.59773937852826
153392_50,80.0963856222858,55.91222441726279
153392_52,33.52011674970646,5.022814570707284
153392_53,84.82676692308064,60.21657752015602
153392_54,92.27221859566991,56.61912191396206
153392_55,91.79989021971926,9.166609716500412
153392_56,52.70996779893671,21.08394635593735
153392_57,47.368199058604915,37.24303394768347
153392_59,24.548840007204724,4.862057590109311
153392_60,19.685774920390763,1.2363618199128616
153392_62,70.99539176715729,4.607632510393027
153392_63,28.711108918850172,65.96797
153392_64,75.73275263717827,21.2971823656994
153392_65,87.54481289952572,10.143820354926717
153392_66,54.771232563153944,5.189629964911255
153392_67,88.12827433048587,34.023526477462745
153392_68,55.6726947562985,41.19826652657753
153392_71,91.8358616790052,21.37798162546953
153392_72,88.20545273032451,37.300779317814495
153392_73,75.47902007161963,62.17813141316154
153392_74,82.06562172522086,61.43261004865343
153392_75,81.24556773980486,63.45249700137673
153392_76,75.44788935603063,21.90453476733412
153392_77,83.5740747323823,28.23674789379917
153392_78,86.40592370679155,14.327170305468181
153392_79,63.866908553292376,64.38855776548738
153392_80,37.43072221558319,6.686842215550204
153392_81,54.336336261427384,63.84251493657247
153392_82,84.1000572954682,54.39748360383565
153392_83,30.621441312803892,60.81719043890808
153392_84,69.80366617964376,5.475492945304081
153392_85,63.23821649197074,5.381510070616181
153392_86,82.65581656119734,62.91946344686194
153392_87,90.12383031625049,62.13644184952008
153392_89,86.57216595771432,47.09552230173641
153392_90,84.92523918138133,34.81686394325428
153392_91,89.33478191664975,39.72845253817549
153392_92,57.11691470824569,40.25304579838853
153392_93,92.61929507066091,15.39147429131937
153392_95,90.28590393362967,29.30920345268993
153392_96,24.75001882780239,62.115002158883556
153392_97,15.771030472734878,3.973703338622833
153392_98,40.627558435232245,4.372546809093063
153392_99,69.56442363823152,50.981196274762276
153392_100,88.03658038060027,12.425046488983128
153392_102,72.02027068776209,5.216577684158727
153392_103,30.868918247020765,35.997004665793746
153392_104,67.48656703247273,24.20952448492207
153392_105,89.17770498570637,35.1322210361825
153392_106,56.549272528356106,59.54267361482181
153392_107,80.3035945277627,39.84825439413765
153392_108,90.52731795188355,58.52981605807868
