game_episode,end_x,end_y
153363_1,67.9538057630276,12.721565030671703
153363_2,30.406996074073806,50.059748078646315
153363_6,35.886073886108505,61.653610581544875
153363_7,51.55965986268326,8.285633402996945
153363_8,80.41879249874953,9.127677529035829
153363_9,76.22341792173572,66.01200174736638
153363_10,64.18519579701474,7.951763656943452
153363_12,76.64569064275861,8.798977738186625
153363_13,32.85903118598343,63.21195123854476
153363_15,74.89589325906796,13.939054373230217
153363_16,54.03565343775326,7.66357423685725
153363_17,70.23323553625747,59.73791394443717
153363_18,93.45721247588118,31.668851431387893
153363_19,41.27069846739997,13.66666593897568
153363_20,78.57085946066348,14.62240631982884
153363_21,69.4302231950135,17.127998408250605
153363_22,73.32398032844894,41.179348853104564
153363_23,53.13640127858385,9.939840951408812
153363_24,69.4437141621484,36.108031693341246
153363_26,55.75542066667164,48.648245324481955
153363_27,69.0594837747292,52.859759699050024
153363_28,70.3113161959535,2.6507193370879656
153363_29,91.75688678485807,39.934040777418105
153363_30,97.03828097646132,44.50386268841606
153363_31,88.51638699874667,28.370880792656678
153363_32,54.476378067644404,22.715492179105723
153363_33,85.92220020664368,47.8454693301425
153363_34,85.27927738891282,30.477852400167592
153363_35,43.93996562584481,33.296150461595076
153363_36,94.69902476175052,27.752601919995367
153363_37,81.65875029860015,17.290855422140293
153363_38,82.0642239697561,0.0
153363_41,66.03507593704009,51.193246359682966
153363_43,75.85942140454142,7.12892267189593
153363_44,86.04765257977137,9.2744593494319
153363_47,65.97886406560765,8.544807629562849
153363_48,38.50125078422363,57.656418462800694
153363_49,70.75866169297939,12.426312441210063
153363_50,66.30131621795427,62.50648082732628
153363_51,86.09782330280866,15.836224915786042
153363_52,77.19279971250592,17.3833953635613
153363_53,55.55366857762671,59.818908645694684
153363_54,75.88762798039738,65.27927483819133
153363_56,78.0453572698519,17.952753562223748
153363_57,44.60314249511287,45.80173917924172
153363_58,74.83590532406043,61.7106844779257
153363_59,84.15205787161835,19.056204911196907
153363_60,57.71460191407086,37.08689531719854
153363_61,51.82033210213791,53.009698783736695
153363_62,84.36991965976469,44.518196673494906
153363_64,87.17232274161229,8.434700062206096
153363_65,92.23565290412472,20.892733392173536
153363_66,27.402034832822654,63.83167908975286
153363_67,82.45614716116894,50.850466581607435
153363_68,82.80658771265482,34.009246857379416
153363_69,41.60832389527419,59.54394857101027
153363_70,88.59699800679707,15.832957213722676
153363_71,85.01709057724118,48.28206994904873
153363_72,45.4573598806236,63.23174220125422
153363_73,25.11950401913307,2.262409480716228
153363_74,77.72445177225836,15.481302395683544
153363_75,92.45051256743155,42.321930162737196
153363_76,55.578941265033684,61.15396334647461
153363_77,36.509996854444225,8.266031420084412
153363_79,66.01548590255123,19.216582800569412
153363_80,43.17086873063716,36.62197940278135
153363_81,63.729878737013266,61.4630973742211
153363_82,92.10577084169,14.458542750250512
153363_83,30.304628678750106,26.74444128867893
153363_84,57.85781214677148,12.917190288135828
153363_85,89.62449335984938,12.04437369710719
153363_86,82.0532640497197,22.85866856422101
153364_1,55.27933578622259,44.229145087823625
153364_2,47.79280348098948,59.9661929904653
153364_3,41.30759802922853,30.879786923878775
153364_4,55.03708826832049,58.72374073383383
153364_5,35.31431527783077,12.028382518899082
153364_6,58.07932134093892,5.128533108940492
153364_7,66.74520669032587,6.958546477270736
153364_8,80.87468951582858,40.769040428773174
153364_9,93.44618174577374,40.76818672986368
153364_10,72.4688652147252,9.281764482992754
153364_11,81.36302353746375,7.8444300373451235
153364_12,72.23781883968012,11.697907641541697
153364_14,88.49827725459853,42.34008111419229
153364_15,49.08360034712992,14.106639705696749
153364_16,44.35647192149558,37.13180594161798
153364_17,81.38003249501575,25.055193373594914
153364_18,85.44749051968833,7.43523811521051
153364_19,81.61303533175514,41.1653725261266
153364_20,42.68800551154031,49.4745269667352
153364_21,77.75325500440023,67.20296472784628
153364_22,96.45675461778973,11.363937382181518
153364_23,68.41382071783562,14.603726315328531
153364_24,75.67407792200714,43.655486037647044
153364_25,76.6603747957893,18.116622944315004
153364_26,56.576806250911304,11.731342184279805
153364_27,47.72458711816286,60.35833163767815
153364_28,87.35907976263181,51.97101691432816
153364_29,38.86724723339702,6.336524887724989
153364_30,40.41636839064751,42.95911062648318
153364_31,88.44869864302761,18.170849431669783
153364_32,62.24132267915762,62.578656511877824
153364_33,40.811211814218346,3.731183943267528
153364_34,65.65807775599484,8.221057063531347
153364_36,78.6129960861046,50.82014554183037
153364_37,40.55606950769042,4.117343801100659
153364_38,90.07066072076557,30.690244557659355
153364_39,70.97549106858997,59.971160743767115
153364_40,64.6794847312223,34.78116424089402
153364_41,58.52339442552446,48.109698746473356
153364_42,76.2946588752629,4.726357549962661
153364_43,60.07183125675908,55.83122520405004
153364_44,78.21731302435072,35.51928392159715
153364_45,70.5850561935624,54.240717896461916
153364_46,85.86789136772086,5.815386491928704
153364_47,78.11562355563233,11.686929591546697
153364_48,98.38074347083298,36.086379039483184
153364_49,72.18480075750702,34.87492712100092
153364_50,47.602020624888496,4.758559314702921
153364_52,29.755707833727143,4.100248924735946
153364_53,57.84083577144729,3.0695573626684833
153364_54,71.94140514245618,66.66982373867842
153364_55,79.4780908986649,60.842187933007786
153364_56,84.45971881057746,63.4167312722232
153364_57,86.51161615889976,24.06727910855207
153364_58,66.74073705050697,11.412469330019379
153364_59,80.86284353500412,23.722578746769635
153364_61,83.81648335436478,27.806931210398815
153364_62,73.38146040788953,65.28995537481258
153364_63,86.34935830927148,52.24737013065291
153364_65,83.52236163702099,50.46265539636923
153364_66,95.64033174326086,60.90818894455544
153364_67,65.4187531681497,32.371385236589994
153364_68,58.01197304533188,8.24118953740699
153364_69,79.38307830924184,47.282354086070725
153364_70,31.04253160935668,3.9967317758634158
153364_71,86.37698682778733,50.271089641279815
153364_73,61.099169968765,42.209065263089336
153364_74,88.93993184978626,29.236837664129244
153364_75,78.65080126171374,63.09402925418783
153364_76,87.22181341614467,36.76770517859724
153364_78,75.95645722143998,9.085772740281897
153364_79,53.06095893465476,64.29832107319328
153364_80,63.89687676010033,11.491735323029532
153364_81,81.91660050938717,57.10681273734968
153364_82,89.57732839005529,39.97507500342079
153364_84,66.0394564793861,59.78650987155147
153364_85,79.38720485579236,15.046854703274597
153364_86,72.41410474868954,44.0918314446585
153365_1,40.528474025498134,66.65768598238546
153365_2,78.81604319334616,21.451623613451126
153365_3,21.71396195270082,61.1422548873981
153365_4,65.41145014632714,0.7547814918099456
153365_5,47.64212529363713,50.26206521137842
153365_6,78.85724283199661,56.284658385677204
153365_7,66.1477603629435,41.44703259579796
153365_8,68.35577199879444,34.49055462886845
153365_9,47.221352234027556,13.16640255672521
153365_10,39.7387811941405,66.56717128132885
153365_11,45.00449392580824,16.551479477098127
153365_12,22.68696368556107,65.03864633931356
153365_13,48.24673895705648,65.35031921582186
153365_14,67.11807537758747,64.54717648791197
153365_15,44.336004271140254,22.672515399761185
153365_16,24.595333000343505,0.0
153365_17,81.7891740151122,22.87923158355756
153365_20,88.92445443926945,18.11594332478112
153365_21,82.04592973030806,19.73679169044461
153365_23,75.02220224524936,12.832435586120447
153365_24,88.58240299126057,57.02595084200969
153365_25,91.48550840897998,53.578750098037474
153365_26,20.54122662671859,4.894490476240352
153365_28,89.34564766653257,35.00491408707376
153365_29,77.98485233049615,39.89736821094507
153365_30,80.21083068581967,50.53552990929128
153365_31,94.13067996788507,27.699766558329365
153365_32,64.18708766390009,29.688184323241476
153365_33,45.71370395001171,8.755848447720817
153365_34,49.53903235288418,67.14077977357759
153365_35,80.55773722990133,8.744181670223714
153365_36,43.12943568074184,59.4087817395167
153365_37,83.54075250101856,6.277312564195364
153365_38,95.93219815226261,13.817957640120834
153365_39,50.36527568586829,63.09362903830517
153365_40,92.52970265537363,41.84459661106928
153365_41,52.95966914833227,7.5953437594636615
153365_42,61.2268122348667,64.28975792900385
153365_43,73.78008500266385,43.8684561201933
153365_44,66.62565520977165,15.120387117488342
153365_45,80.32861876508314,17.523184842437292
153365_46,90.90433788295046,45.52631541529
153365_47,82.84720384581905,32.04333930567594
153365_48,87.9347704662768,46.23177848924391
153365_49,40.63694067935359,53.62049865296491
153365_50,74.85338816544154,50.4237442792722
153365_51,93.44369840715747,44.660587322352136
153365_53,24.14246457136312,52.971787746103985
153365_54,32.61933005312811,66.03129310504134
153365_55,49.33951924466554,9.597048134150187
153365_56,87.95682216325591,8.09446902462864
153365_57,97.48566477711533,26.71559749692473
153365_58,67.51679487921258,15.202073947840683
153365_59,92.56048757865554,3.186326916293736
153365_60,87.76914586092366,2.4446672385888166
153365_61,23.200064308978092,53.02399688464769
153365_62,93.70609745795521,62.69860734044625
153365_64,61.21660929322743,57.85224418921265
153365_65,44.64293790006553,0.12861105316487098
153365_66,71.41708299090047,16.95226078503964
153365_68,92.13234507945975,34.27249677730549
153365_69,26.30818810848463,68.0
153365_70,74.59513607027839,61.96540697317112
153365_71,20.948224725585444,59.19955213919382
153365_72,89.7839492395533,36.990364771554376
153365_73,94.56807476531836,39.170006541575404
153365_74,70.50562332429413,20.076111671086355
153365_75,37.263984590738914,21.22940865130947
153365_76,58.53716836498864,46.84860021083108
153365_77,93.64578836780416,23.692288824415243
153365_79,82.07438979394955,2.3854853919029937
153365_80,90.24398143356986,28.37648088670017
153365_82,73.50338169658181,7.022637475966674
153365_83,27.16817533352738,43.201812898432145
153365_84,105.0,21.219085911051177
153365_85,71.08455614520382,15.320184365582541
153365_86,78.26526653206413,51.89011007907766
153365_89,63.32582247465002,16.375564834001715
153365_90,87.73922708248075,43.1621830481222
153365_91,79.54480947010165,7.036774346230808
153365_92,84.63895606189601,10.849952898191326
153365_93,91.2407888767856,22.30269246068711
153366_1,89.67726820353306,52.03316527441744
153366_3,94.68024291267666,26.792849081022336
153366_4,44.94641859709844,61.13629377986358
153366_5,36.196369276218235,7.910069656387295
153366_6,84.48643705331362,59.740567477616835
153366_7,46.30895663325217,51.37496188180223
153366_8,49.25618614194977,7.1260745562766985
153366_9,47.46059514092539,18.125031427749022
153366_10,74.11078271100936,21.219536049691126
153366_11,84.45677770768498,11.390045263256294
153366_12,69.19210208562484,57.67158964472526
153366_13,57.12267588684857,12.514843438098668
153366_14,87.55656024363462,63.87161106105347
153366_15,94.60018784195712,28.9466686480658
153366_16,52.34675423276591,55.4151703062454
153366_17,20.787153416184868,64.80654626177646
153366_18,75.58713826099701,2.351116014903507
153366_19,77.2496788457237,15.916116104372708
153366_20,80.67753626403417,55.18170245850335
153366_21,39.626237598327954,52.979568375841794
153366_22,75.02315970244177,62.62779872808713
153366_23,33.29512294865626,12.147725206852414
153366_24,70.29736874667014,54.44476768076845
153366_25,77.7828095146599,67.24542535335064
153366_27,95.4553792816453,16.152811920281195
153366_28,71.42133978715503,51.30833422783627
153366_29,51.69747049190157,30.73372461505167
153366_30,80.76260175718689,10.525232183531562
153366_31,41.068637815020644,36.518531999703235
153366_32,85.026976972864,7.036820328636674
153366_33,99.38189213618863,41.5648735866999
153366_35,83.01718539516497,54.62956555241168
153366_36,83.78288596003233,47.50990175907153
153366_37,63.34810941184825,5.658566851294239
153366_38,43.63288625145602,8.228389682253518
153366_39,44.68488544132497,35.52037391170015
153366_40,80.75292745215737,12.4199383953879
153366_41,42.72092798198255,68.0
153366_42,86.25955732349652,25.304600697481597
153366_43,91.31171345933772,52.60392950640306
153366_44,48.068136387926785,55.76317050219989
153366_46,87.38536944955797,46.94379081713087
153366_47,65.82398691619724,60.93498496385031
153366_48,87.56295259626566,46.498922175175764
153366_49,94.49934488188944,63.9994955717447
153366_50,59.746158360309984,23.921482861800794
153366_51,87.68865310483622,66.1165290398836
153366_52,64.37473112387138,67.03965310802728
153366_53,63.844110691083074,4.023317761899734
153366_54,95.3063680378558,30.347072469913297
153366_55,72.56514631397977,13.146908489768114
153366_56,94.11741212422899,51.045774676229854
153366_57,81.05312006324635,59.32966400988872
153366_58,77.35146600088017,46.652051513682814
153366_59,79.82674387256132,47.013900318275844
153366_60,93.25965767215239,41.18693356038888
153366_61,77.4841260350796,58.331488606711794
153366_62,86.80474311560145,67.17692965087309
153366_64,85.36879443308509,55.52131407115283
153366_65,69.24428588159296,39.07938496534443
153366_66,88.64060883796115,4.0632046456928315
153366_67,67.78018839136789,51.369273095342486
153366_68,81.13577893202482,6.752300658713026
153366_69,89.68460704425294,58.88610991007955
153366_71,86.92707435519209,60.94786123505165
153366_72,87.02734020485347,8.991587848749901
153366_73,88.43854913839183,49.393550377075506
153366_74,37.6033170627977,66.06368547694306
153366_75,59.4522032909905,5.051160070826848
153366_76,68.3368717295414,18.03752191461639
153366_77,44.66277716963036,55.906250894594535
153366_78,81.51204520456625,33.247411869792316
153366_79,97.64463885424126,56.509846345130946
153366_80,57.83464864400433,58.92896296286345
153366_81,66.6164789879165,9.846640483379531
153366_82,52.19757960812713,20.101438184301138
153366_83,56.885468550971,34.65308193432548
153366_84,92.44089918182928,49.477449012694734
153366_85,64.64397544447792,65.86590948378765
153366_86,89.92361968839835,8.180522582968493
153366_88,75.39600064391993,61.57363506756954
153366_89,47.093787038271465,66.2984111670886
153366_90,64.51300130817691,52.02230605108412
153366_92,33.18548306173615,40.077139926001095
153366_93,81.89685520714275,17.938852172345264
153366_94,41.81340788444195,62.671907296017125
153366_95,79.19149594741421,65.95511345722872
153367_1,75.01711080331994,9.655821089040566
153367_2,61.12361456245459,49.33558727508791
153367_3,73.24282052885486,6.751320422156664
153367_4,85.13406626880831,3.2816409438125573
153367_7,56.42776655705411,63.89497681006502
153367_8,57.031290642089644,38.58690504491837
153367_9,81.31012438859051,61.462495567521636
153367_10,54.27173458563138,60.027248917272345
153367_11,58.89750297359305,65.24159257839132
153367_12,79.95317820340352,41.87534300710393
153367_13,50.560803825835436,50.276595086890964
153367_14,90.10023687105264,7.450050826125541
153367_16,92.51749462406615,49.02145682785894
153367_17,52.85121494319091,3.013967682649057
153367_18,64.62037689786219,66.37975509759535
153367_19,72.34977500580888,43.050026543006844
153367_21,43.494145790169284,63.71542124383796
153367_22,34.8077638671131,64.64989241801592
153367_24,42.0366685414485,9.749344235837704
153367_25,78.94800441243159,8.49107254958161
153367_26,82.57226799640648,57.66676546698585
153367_27,59.346774845891005,30.705699961268714
153367_28,36.386318750152924,15.752304970145971
153367_30,29.80213286625669,55.942555180532416
153367_31,67.89711322095165,0.0
153367_32,88.73318467998122,54.960536722909886
153367_33,64.48974135920325,20.95438537631992
153367_34,87.14545783596677,19.902699875643883
153367_35,62.76229487244506,49.222854029023395
153367_36,75.28985921430179,15.814285259717675
153367_37,94.54914237485902,50.47523373771599
153367_38,95.65273695080937,13.759970890831209
153367_39,96.22330197411065,55.07278056712842
153367_40,34.226824117122945,9.91173830585658
153367_41,69.13814259957482,49.721212949549724
153367_42,24.485597526205943,63.40701008367647
153367_43,69.86692641692107,17.478204026901327
153367_44,47.44389403334282,8.638155503074872
153367_45,54.42395815514427,66.34770017926374
153367_46,92.61531118726265,52.20080871269231
153367_47,59.946045413981324,7.131781415792624
153367_48,59.00691976473851,1.6677613045983628
153367_49,87.17918775900009,33.68930591389317
153367_50,64.83683744214967,64.05063768957774
153367_51,88.48147660790136,41.44440359971367
153367_52,31.564727834993583,54.22820187219732
153367_53,83.8085836944295,36.71542318072761
153367_54,91.49526749580289,58.942366498810166
153367_55,67.12769665663524,19.718365437475143
153367_56,81.47784812089483,60.35208077681705
153367_58,79.28770937372947,22.273170058316637
153367_59,31.311276459253694,0.73183222251531
153367_60,40.82913154513158,64.36604530787352
153367_61,91.68586689926445,11.470181584978123
153367_62,52.321330655355375,56.98091601183298
153367_63,5.16738111325226,34.75176841546469
153367_64,98.74167561941283,39.44039518151338
153367_65,81.54843379724134,51.155578364166786
153367_66,92.51822971684307,55.64989828594585
153367_67,36.588267620075165,56.42942560082146
153367_68,76.63324111442708,53.200082026577924
153367_69,83.52271714298598,68.0
153367_70,91.7417166061281,65.6182245614617
153367_71,68.79833740812045,8.898344997258791
153367_72,89.66296402365434,41.441549374973384
153367_73,29.211139473544804,62.44863526092037
153367_74,78.12648677026132,17.414341897806025
153367_75,65.43077519642,56.89907900459689
153367_76,33.77658725259432,6.54519560128162
153367_77,91.26139959702766,34.888330289393814
153367_78,48.58505023603183,10.292360773227188
153367_79,42.176351316865635,16.763183491478255
153367_80,52.63756252764759,31.79425328171133
153367_81,88.8548403496669,60.37420712795456
153367_82,50.65171683459237,3.8575352454986986
153367_83,69.9565246409018,60.011056465867796
153367_84,67.14853287325295,64.96355367283914
153367_85,41.629625172852364,65.41088810511219
153367_87,84.15309467821312,35.064914237628884
153367_89,87.80709629058413,13.44087768489193
153367_90,85.70400513990033,62.73613651576325
153367_92,64.11872629468219,59.8044438224131
153367_93,89.33150708054718,8.779593676497825
153367_94,86.27326486908676,44.800725695221026
153367_95,89.6962142536089,44.63124140348412
153367_96,80.25145580800202,47.90087613825253
153367_97,23.498653162770893,1.372483909708176
153367_98,68.24040681641439,0.0
153367_99,95.98283306426833,46.61911532961826
153367_101,91.03656341206775,42.00160602531582
153367_102,54.74533105952536,41.52400821136929
153367_103,24.468219659250273,14.35325033360307
153367_104,89.23108897189802,62.400237163341075
153367_106,86.49130444001025,27.208458468668155
153367_107,68.9990163841494,49.224129386038
153367_108,46.54840680151541,12.871858139989483
153367_109,52.18256810633598,32.51555014674642
153367_110,70.93180013268021,63.30830250270006
153367_111,69.07858799506467,49.208460302380296
153368_1,85.2457021480457,41.017182206157855
153368_2,59.880954710174755,52.84320068855383
153368_3,80.11561720550797,29.784909350318976
153368_4,72.42228835338464,46.545403813460226
153368_5,87.72111408839999,42.89167187085857
153368_8,79.12531135301501,57.00486801468883
153368_9,82.68087206146537,64.39007479281739
153368_10,72.61942791812973,58.25334580365389
153368_11,84.98055986957519,12.429634040954266
153368_12,62.9286229546656,3.807426291409599
153368_14,92.05766856188525,49.49855778389377
153368_15,78.12829562672707,20.576313193378187
153368_16,70.41923329733214,7.584001608023691
153368_17,38.14670188247517,8.206863340062068
153368_18,35.770944691066596,8.133592715515539
153368_19,81.09542776794227,12.460104226853002
153368_20,81.89692332265545,53.412454126864915
153368_21,87.4018109499082,49.73484527917948
153368_22,64.66763651456378,43.625457051357344
153368_25,87.9719185186893,42.01773372189043
153368_26,54.650092944082616,3.4690718145054062
153368_27,44.45075050000929,4.902391546752609
153368_28,69.695391030268,61.836931859080934
153368_29,92.46368233571988,32.42891084088672
153368_30,80.22904496333997,8.637496367988733
153368_31,81.51634432219298,7.800599480245745
153368_32,72.10789069869605,54.35636352235697
153368_33,62.663670747947464,61.8212381521113
153368_34,90.1627893239229,20.577052761549165
153368_36,74.02059910055702,60.445923739645046
153368_37,48.714833050626666,39.408567104761865
153368_38,54.35949371065813,59.0130098051131
153368_39,87.3444496036783,63.243152985556776
153368_41,72.9089331115124,34.50628976444732
153368_42,85.44531055642467,29.302077049298497
153368_44,79.67799851566208,41.953271354091505
153368_45,86.33693593592336,23.913786858888823
153368_46,88.54286766459578,55.264947523422286
153368_47,67.55170820084112,57.2646777917063
153368_48,78.59781441248529,40.265919678736395
153368_49,93.2291304545479,14.64120454459231
153368_51,59.904804339308015,16.23694807408117
153368_52,70.32583369835903,43.85664658556951
153368_53,34.074772377406845,63.53201792125805
153368_54,87.97782358656961,28.519466668530022
153368_55,44.969001002538526,11.020558300140312
153368_57,81.75505883841237,25.157731562706452
153368_58,73.47342568693361,61.085905014158605
153368_59,77.755163450742,16.367846164232287
153368_60,77.51817393408797,36.14731924297559
153368_61,80.76883145465564,8.00998145939093
153368_62,12.635571919634478,63.33831280566858
153368_63,29.089100612339575,66.44160716429668
153368_64,77.5894355061375,55.527040713524585
153368_65,86.40324614024868,44.10580793132985
153368_66,41.13088989658891,27.776312335422688
153368_68,59.16964296427965,7.701152536132209
153368_69,93.18612655314226,50.517668337911076
153368_70,97.06010622441674,53.771417802907216
153368_71,86.7792999895854,53.144548366680795
153368_73,86.60273507592271,45.793007727336644
153368_74,82.47911345282883,7.5563595386584055
153368_75,37.60132512683832,59.21874473924873
153368_76,91.4875804455147,50.410288257081
153368_77,88.67094440244054,44.81668486749607
153368_78,88.9322995565336,8.031386165613505
153368_79,48.36996273817273,67.89569367392149
153368_80,86.67546798420986,27.453553323678094
153368_81,90.33313736046222,30.787181931736804
153368_82,85.15462018676622,52.82124688998391
153368_84,88.57824574980631,45.593680558648
153368_85,67.78878564360785,33.9821201641041
153368_86,83.20237326240147,14.973635131928352
153369_1,84.69460897827877,48.88878316118171
153369_2,91.8169663057289,43.025339318869996
153369_3,90.37462551193535,65.39080279812784
153369_4,18.65434825203853,2.109728559637056
153369_5,11.580737733007567,68.0
153369_7,82.17253175238692,19.710318893415355
153369_10,43.1528013644165,68.0
153369_11,94.72763161608594,15.982742539484212
153369_12,90.37158867820231,46.357941550057085
153369_13,93.00468761163916,32.5176558586754
153369_14,40.608432159478326,67.4952602163188
153369_15,82.67515589729241,40.21495245467199
153369_16,76.54477737820525,64.23269667183145
153369_17,85.80160680437318,40.64947736944062
153369_18,65.48503901386616,5.5885329840198805
153369_19,87.00414713997786,13.322788925824977
153369_20,72.4085812580406,61.1182091930294
153369_21,36.35940405771761,56.896466367395675
153369_22,59.541875302960264,65.11819571789718
153369_23,78.88125104594612,57.57786206389048
153369_24,72.77681862481391,65.92058516963661
153369_25,70.65443726252667,18.186986031955186
153369_26,79.02272001832982,60.37895949633947
153369_27,91.36611898771677,29.648165091956585
153369_28,83.26440800839924,19.670697346325987
153369_29,69.87301967056788,33.65544990731739
153369_30,79.57542958392139,10.85977632535763
153369_31,84.47246843599926,25.57716951973204
153369_33,48.616818622814606,49.28934417929884
153369_34,85.38286667037617,65.85764491649842
153369_35,91.73063039536376,27.35830469912766
153369_37,80.25468752987368,8.303006102601596
153369_38,88.58660214454446,8.046423486091918
153369_39,77.4204609090063,3.8063726363797734
153369_41,92.31868322585936,33.38990714091649
153369_42,68.60470029922772,24.08231808366517
153369_43,55.4189988535076,3.6429301881115186
153369_44,86.6715459787179,52.91593615556151
153369_45,59.92701594264486,9.089450536282639
153369_46,88.4141607646009,33.26033357483746
153369_50,88.2422081877808,17.393718399046396
153369_51,46.1542285289912,61.153581556367826
153369_52,81.851365672255,62.17899933030714
153369_54,76.24589098370987,56.13538306684519
153369_55,59.52820303585509,13.553317312824188
153369_56,68.99846724074561,16.312994887846237
153369_57,83.41697003345998,2.921692753565491
153369_58,28.942121636570683,16.78199233698274
153369_60,93.13783420669853,15.903821352164798
153369_62,91.20203409637159,62.60879522765157
153369_63,47.05310862724643,63.96871103891621
153369_65,57.010170310196365,5.878347135780327
153369_66,88.02134852442516,10.970182400925747
153369_67,96.44537463191811,37.718844799437676
153369_68,89.68424022002048,49.50300982039776
153369_69,86.8091324726871,21.516917594111217
153369_70,85.53160449352184,17.84825171878908
153369_71,63.667693743913446,10.677900442142027
153369_72,85.29739127304545,23.607222712349888
153369_73,19.507221685966215,61.250995040533205
153369_76,11.946754359588542,12.337370868933732
153369_77,76.23695331705231,8.257602573023611
153369_78,46.947912590448695,15.902679359671783
153369_80,72.55762214403006,60.05592998746461
153369_82,43.613548441297084,0.9172785580198735
153369_83,83.37598578988526,47.424147485835874
153369_84,89.01973680405683,11.01903256023043
153369_85,76.45949283695893,55.95464435367547
153369_86,98.8040098245141,25.488400260161853
153369_88,79.88566909269821,35.944901462382624
153370_1,73.19921315687492,31.651977349698257
153370_2,45.68715994263773,4.14560257953636
153370_3,71.69759549478218,17.0341147727896
153370_4,62.85044926053359,3.1735790779588404
153370_5,91.85595262780764,27.87080093985121
153370_6,70.40672284323216,3.5419807317611305
153370_7,31.983044268564242,33.34626768675852
153370_8,94.03625155569858,28.15810545486512
153370_9,49.75006023992033,49.97981454776318
153370_10,74.0043106334045,39.18704676488186
153370_11,68.22567314734128,33.44078747101046
153370_12,78.60305713851723,41.78278258412646
153370_13,72.45794063180023,58.224422383566875
153370_14,94.73590570158582,20.35682195989894
153370_16,53.91662856673684,0.0
153370_17,39.482717900418635,64.39115866446453
153370_18,72.35453599710824,18.939470166460204
153370_19,72.4700595477964,7.68277624870149
153370_20,67.53786037768816,63.11679238123031
153370_21,59.93064385443519,33.673111449632415
153370_22,83.24004811987855,21.290378390596494
153370_23,65.96155603995146,15.475563103845497
153370_24,53.0645895235145,23.893013427851198
153370_25,80.13500404709188,49.331315557561204
153370_26,67.45659113113574,6.114375831599882
153370_27,77.73531987917224,14.625524673846474
153370_28,89.03983554202557,14.073532601821826
153370_30,70.83432260104195,53.0241478027979
153370_31,83.05340325769602,21.432500760540908
153370_32,58.47604835349234,49.94282470454419
153370_33,91.73567366006118,44.774034237589035
153370_35,68.91847297321152,50.56785241738534
153370_36,88.23013207997619,9.99414032553009
153370_37,49.877442855592406,59.91847032631147
153370_38,23.739507589700203,64.4687324850151
153370_39,35.459070304326346,25.916971350183385
153370_40,82.63352467236116,63.95732767253268
153370_41,91.9524079406204,8.498496889027338
153370_42,24.172217994430277,60.10265264012227
153370_43,97.99834752392243,26.443573467897057
153370_44,16.872141252788623,2.352879442829475
153370_45,85.1544023227997,25.368298553979535
153370_46,83.51756850797736,7.014137601907162
153370_47,96.01169462529182,15.287360624659213
153370_49,55.936443417363854,27.29314623345067
153370_50,48.496530875151784,32.98764955344666
153370_51,72.37185401996332,45.51834646524464
153370_53,9.411106833328384,53.57613536488378
153370_54,68.77377365891223,59.443995465969245
153370_55,37.27488582998582,63.532614624097846
153370_56,27.429351551793253,65.86000680916477
153370_57,59.45342273228598,27.693088579321063
153370_58,81.26277252168295,33.55474130423961
153370_59,83.6605693742215,9.229963226775162
153370_60,88.08752501691438,7.607908374897327
153370_61,94.08270283258044,47.466811480836014
153370_63,76.55300336817572,3.2931026415862457
153370_64,88.63641582271786,55.61731044512042
153370_65,91.36720020615884,9.725484773274836
153370_66,60.07108364677924,7.030005135704127
153370_67,75.75898561116071,13.278863270431419
153370_68,82.53118387989183,32.6992464040101
153370_69,36.12864393137778,59.00000866753853
153370_70,30.326845069217644,5.366558888642384
153370_71,60.25518053730902,44.3956872542026
153370_72,60.30440930344534,7.20887657995087
153370_73,73.95836219402362,62.825915811004506
153370_74,39.830519708136386,0.0
153370_75,83.81794967276997,25.02935761668701
153370_76,92.10304756903726,12.919898184497459
153370_78,69.79096272457568,40.094610121846394
153370_79,41.812393153099954,32.904325856922355
153370_80,65.13203310546062,15.68845706659315
153370_81,60.84941521011419,42.75820502036305
153370_83,77.96184744799463,31.21684310024932
153370_85,49.35932996173023,20.006563006920622
153370_86,79.96285251600663,10.418210479882692
153370_88,46.126751452916196,36.96620010088864
153370_89,91.12550705829557,14.329535256523798
153370_90,84.19612700375725,39.90997628870073
153370_91,91.62337141640133,32.03892107385245
153370_92,76.60206145932469,65.20569835176745
153371_1,71.09451511821682,6.572254985557906
153371_2,25.808198572788452,4.80124907102266
153371_3,71.85113649167462,12.261114618973245
153371_4,75.34865956827676,66.85824543834548
153371_5,75.428318102293,61.40632447690761
153371_6,90.74208824795865,63.4011574886086
153371_7,43.876602318069835,17.856077947969858
153371_8,81.9538175591069,12.920744775566043
153371_9,66.11206141960379,5.766427871262616
153371_10,54.633147828357636,5.781109457537202
153371_11,67.56028966358437,10.56565514052298
153371_12,75.59797224233638,63.707127801233874
153371_13,76.06128732679912,50.15418960835121
153371_14,93.28992608384132,29.523654401341883
153371_15,66.5597622994628,32.60401505513143
153371_16,73.93755391491796,56.04116891836033
153371_17,70.97305818703833,26.17155957150524
153371_18,72.32006700286803,49.183677984588144
153371_19,44.46695231853897,59.10053118714188
153371_20,79.89150719707587,29.18435761553692
153371_21,65.07264325736931,8.023021665962162
153371_22,39.60105390974287,0.0
153371_23,69.55244767594816,63.276230231306904
153371_24,97.30085885570851,46.49820769806383
153371_25,90.39627756621661,32.43078727333002
153371_26,57.98317489966547,17.901656916132268
153371_27,59.52929740944414,42.33418060056961
153371_28,89.3723598677966,9.685476869730836
153371_29,65.93551998143036,28.455514791005655
153371_30,85.35863194645854,25.187870938870702
153371_31,57.01472447007043,65.44011097080633
153371_32,86.73040489687847,53.42970281121781
153371_34,95.54755673046417,29.393518542314276
153371_35,63.14537170882642,18.16237791922632
153371_36,80.33591056627014,14.73025456378971
153371_37,87.62054125198411,4.585727984996094
153371_38,91.38056752724133,19.847362479273677
153371_39,15.40113049379472,51.55180954715526
153371_40,63.92852645366138,31.424775634707892
153371_41,89.98101296371468,25.577221203766673
153371_42,91.38519555789001,45.94162980353093
153371_43,33.45399001379184,5.144621300439692
153371_44,61.160702454409645,49.784343037465185
153371_45,77.55614142837216,4.532531601098894
153371_48,39.405783305341274,8.733060307928074
153371_49,88.18397435639412,33.49712353405563
153371_50,72.23260260545719,14.246809053351061
153371_51,75.54031669053748,60.76450042326384
153371_52,89.46834676646611,55.1288576859308
153371_53,79.46300777683608,40.015885639750735
153371_54,52.15359946013814,12.922432999200673
153371_55,82.63216057687998,19.004835515480117
153371_56,48.52999670812609,60.93249657625788
153371_57,74.37214310850443,59.37033398037451
153371_58,70.46353758414574,9.35743769383667
153371_60,93.16031369407172,40.17392498618238
153371_61,93.07915941359789,57.209238463883615
153371_62,93.736887661643,55.55580188765157
153371_63,58.07805125852777,10.439349516890191
153371_64,62.993149771703,58.19347078176438
153371_65,38.521800093360994,4.686293610929284
153371_66,58.99511881538479,45.03310396997078
153371_67,87.68355859447938,59.97823368271503
153371_68,89.75180551508436,52.90209173590145
153371_69,91.40899567989112,43.60665381265443
153371_70,88.23519813318077,63.13925632542189
153371_71,52.1781874334323,3.6427353076291826
153371_72,76.67584316100388,27.21564610813848
153371_73,89.08405502899203,4.769123172086877
153371_74,85.8393118428545,8.779690150021938
153371_75,77.60389760098893,59.596097178261175
153371_76,59.37541343724474,51.14715567259307
153371_77,73.71903430899968,57.71383268786702
153371_78,83.9540778669634,56.49986681933466
153371_79,60.76709181356268,62.94819520567354
153371_80,81.19983552539725,11.779723988188326
153371_81,59.750926570683774,2.9209900977134744
153371_82,69.17769765900493,45.19794940798087
153371_83,79.56793901153398,14.37368548253039
153371_84,67.08406666721709,48.96561795195947
153371_85,95.41227626315474,40.67641905582485
153371_86,81.12204036476189,31.39993191984769
153371_87,70.62913940920748,59.31325076210602
153371_88,48.93483921175532,1.7857568386732279
153372_1,42.3134889696453,17.668628136779247
153372_2,26.583118136982453,4.640612384612675
153372_3,79.27661718359043,12.619340114362032
153372_4,38.816208168396834,0.0
153372_5,55.3311975648095,4.786619136380743
153372_6,39.95722232962148,2.2086476232833636
153372_7,91.88895470248126,61.197779542127996
153372_9,98.02487523574871,63.3990172697632
153372_10,69.06799602007716,4.003537015533405
153372_11,49.97070358440752,7.530066646240879
153372_12,80.45436695064214,36.01478667539867
153372_13,63.85243251566247,17.490104347547692
153372_14,92.53355616132849,19.516090492822286
153372_16,72.26207522283968,57.019550009654665
153372_17,77.97957385681903,34.341033873628625
153372_18,88.35307104891736,25.00716582891564
153372_19,86.32283694162804,38.08617402584008
153372_20,40.11944949179744,50.4782904247346
153372_21,75.26815456484545,63.49115092956033
153372_22,88.6911655453701,8.955940065543732
153372_24,55.61743829741688,59.89789282443669
153372_25,77.24655793861099,21.354887972365994
153372_26,43.88246708776461,63.94908376967962
153372_27,64.29198604011837,44.50149066156182
153372_28,68.82044751163986,16.843366422451293
153372_29,86.33900337128959,36.21288950105268
153372_30,78.27928112164912,64.17844215487658
153372_31,82.00976798867963,8.452071531225249
153372_32,69.2684050063277,49.30114485328697
153372_33,94.19837308515233,25.863457902513236
153372_34,82.47739859834917,49.818729972038284
153372_35,32.59907090181474,35.59853130179988
153372_36,95.68069124734761,18.549496168008048
153372_38,32.54492436869999,2.812331430766303
153372_39,93.08758996572513,56.36012744968767
153372_40,88.02825181921877,60.2727696728702
153372_41,70.82723461320147,21.58872394175311
153372_42,91.50907398662011,65.42318081921793
153372_43,44.598641370315406,3.3486942873979584
153372_44,79.09636894630054,36.100351857389064
153372_45,49.93434671382022,38.81731732365732
153372_46,92.28308470232852,12.465959083694582
153372_47,89.97376577577924,60.66415549033425
153372_48,81.27286685954415,16.994987735010994
153372_49,63.767009111106375,17.290523500381045
153372_50,32.88238096451313,7.527895147912443
153372_51,22.588570684282395,2.0243265003074478
153372_52,85.46864996217445,58.701606734195224
153372_53,34.97342064247921,56.15816221112857
153372_54,67.05085280293528,2.9606096018171093
153372_55,90.62176756239751,30.528300538274102
153372_56,67.42713069105218,61.935768846937044
153372_57,46.90516792472902,9.534864869892802
153372_58,55.70058176255278,50.83830289978226
153372_59,48.35007931886701,53.99995021850616
153372_60,70.74963114582309,55.44874907046725
153372_61,98.46597557571057,22.507547791443727
153372_62,50.03259816808821,4.954704713763698
153372_63,64.88728076564782,3.6054739319217535
153372_64,85.95930731244454,18.979984596203074
153372_65,44.75743612186228,20.34479561433102
153372_66,81.26898989457928,61.0769449855491
153372_67,94.14588498541184,63.69885061953615
153372_68,57.314288974028734,56.85953488239833
153372_69,82.07520889278585,29.707043651909785
153372_70,41.11618505614377,1.2948492192395378
153372_71,84.2039148527698,41.07373362137015
153372_72,65.94134520427434,34.44165054872267
153372_73,15.099062021205453,5.860441331281532
153372_74,85.40232277544321,18.86761351402683
153372_75,89.91289494832837,7.112622809586396
153372_76,64.90579936914553,40.91047264961942
153372_77,87.26825967665923,25.99310978377942
153372_79,66.5392175199938,63.9661326388247
153372_80,94.38129326824414,43.155596779918525
153372_82,84.9271051011373,43.468204207889265
153372_83,18.071845584262064,15.544241660791252
153372_84,96.25407110830137,48.08549229274187
153372_85,44.35091634968823,40.071494330042015
153372_86,74.28119896924565,53.26422620870258
153372_87,65.26917215259793,60.54571825283762
153372_88,68.70464586395155,22.226689147166244
153372_89,80.21702593192202,52.904349548370625
153372_90,43.29423129564448,58.863129592266816
153372_91,77.69304494289241,40.336527379012495
153372_92,44.54310363355641,50.66215099857548
153372_93,91.29369075439851,35.160718421945305
153372_94,102.83144514675247,31.305503876709004
153372_95,77.08276729554089,45.09572021767113
153372_96,47.359261085709974,40.38333444434743
153372_97,22.999241318704257,68.0
153373_1,69.08318183398906,16.839545162723876
153373_2,50.7989487172196,0.0
153373_3,64.5730064535886,54.605724202028
153373_4,71.27768493639765,1.9700719940994913
153373_5,51.279690565261006,44.19628251786488
153373_6,26.896751769048002,29.54847316392191
153373_7,37.597063744051425,5.123487345360487
153373_8,27.428271198175967,10.79436737509167
153373_9,81.67383268953876,33.06274781036697
153373_10,34.26312079249689,6.170476622122608
153373_13,40.0819667157094,5.439483204013527
153373_14,76.85914504716126,13.41853780488389
153373_15,69.40224599470153,5.794714004081387
153373_16,55.125420886674476,9.287123324229809
153373_17,63.29359067323913,11.16809075628683
153373_18,41.2384767038717,63.53603673608515
153373_19,31.66154099728778,62.893770297859895
153373_20,29.103732463520565,0.0
153373_21,77.70697248611904,6.766719859090961
153373_22,78.23319797098331,60.82176745386885
153373_23,90.95456084520092,15.026638767279916
153373_24,89.24712155610017,37.52253529647058
153373_25,77.2784879504456,8.436592544009677
153373_26,56.88193323796153,1.4368722600478085
153373_27,66.4459129284471,8.203595359970542
153373_28,84.81793673906647,61.882385108068654
153373_29,75.92562002132806,54.39371287048299
153373_30,21.07425510319902,1.7585342788456955
153373_31,59.31298019544347,16.99956404492572
153373_32,34.56167063806717,66.65225308675775
153373_34,0.0,31.90421998057868
153373_35,83.22962305823856,41.704675236593864
153373_36,79.62539651874144,43.06213622415615
153373_37,38.92900893199576,8.663163618782542
153373_38,88.82490912624554,18.29098777514547
153373_40,62.49620538611599,53.16464711080639
153373_41,97.27713601886526,20.57403449943213
153373_44,70.68261781020576,60.568742773154376
153373_45,62.10107191511299,6.570873768473481
153373_46,80.38927690679978,10.564130303426772
153373_47,47.49357853952918,61.74069463671034
153373_49,27.009958583923968,66.00564346521867
153373_50,40.77494128452807,64.9019052573841
153373_51,72.49211299695023,4.156744377056734
153373_52,82.0190313190457,23.358219061777433
153373_54,67.93486018041307,62.41951989762198
153373_55,48.363099659960284,8.98625835378709
153373_56,65.59361726744163,16.493905338961646
153373_57,92.08805189083976,47.30303304208168
153373_58,94.86463700338354,57.84473118717258
153373_60,91.02653012116177,59.23939329060228
153373_61,24.289522867252174,7.494315902394003
153373_63,49.42622813847932,65.64443205003104
153373_64,77.82357342906818,33.58902119584243
153373_65,55.38834086914129,30.751498870789145
153373_66,81.34231605057722,4.2181542147944135
153373_67,85.38380808565387,22.05577151041717
153373_68,66.01435591872462,10.733486793027918
153373_70,67.08177471588884,64.9965666047106
153373_71,70.83844156734975,62.085376869803795
153373_72,39.46271650724364,23.184710540521166
153373_73,53.380456759673,16.459096502117163
153373_76,99.98927689971188,63.01288639251538
153373_77,79.62913067827382,66.85066866763559
153373_78,36.75025289462301,0.0
153373_79,12.214549408166908,62.2200735292875
153373_80,81.63597324476267,57.16085987327305
153373_81,27.248145538905387,8.22882245612322
153373_82,85.0436313480328,8.99205118024788
153373_83,82.0649631976238,7.050457664716706
153373_84,79.63153035987904,54.77464279120845
153373_86,83.21825648229908,26.641879166728664
153373_87,85.52483844640047,45.46178959498903
153373_88,80.95052315244396,50.35788836298982
153373_89,64.04346652244327,64.70027646862165
153373_90,48.59669544896816,61.418519024583446
153373_91,72.05550086983246,60.08933731320714
153373_92,86.55049827540795,55.7180810854248
153373_93,69.80597594430856,46.40037720072779
153373_94,86.53160485487611,8.099532332615041
153373_95,53.59620351701838,42.48594735450223
153373_96,83.92911987838565,9.28186166890638
153373_98,50.198425089491494,25.22916517890034
153373_99,76.27904015690672,4.174599740105061
153374_1,78.57867780518166,49.53446258272199
153374_2,36.56889074165491,33.52610901615357
153374_3,72.6673351951558,55.02081203721403
153374_4,46.29462095404459,13.204290441413281
153374_5,51.56272308590002,6.115070967666062
153374_6,87.8476105661766,10.770172801694915
153374_7,87.00699590750476,47.01576830087129
153374_8,77.57106902089883,62.33440262508021
153374_9,47.63059893422797,31.117226269167375
153374_11,42.575798541456784,22.727885340479933
153374_12,99.40743474352645,48.9366228449489
153374_14,58.17301022003933,32.51780814931992
153374_15,41.96836261386755,61.22508174557914
153374_16,54.431627337056014,17.455107100108453
153374_18,67.87012861100816,48.37131115292576
153374_19,65.1076629203327,4.763534991211545
153374_20,89.19363251203937,32.179297663574616
153374_22,58.03892863848602,34.12658656301793
153374_23,70.44808105752948,24.827953025914482
153374_24,66.77846604833482,66.84289543388903
153374_25,90.05569906161837,47.255654106175854
153374_26,94.0585432126669,37.94504573445729
153374_27,23.278335506804744,65.55818778046125
153374_28,88.74029203016157,54.49904570929037
153374_30,81.08974645500052,1.7285419617491309
153374_31,84.03686034332284,12.313152482518067
153374_32,33.192723161846054,65.77583887170427
153374_33,93.07774925701493,31.066318635057517
153374_36,82.91833114975199,59.862776797168394
153374_37,63.57636863861704,23.734298927887394
153374_38,92.39562330482505,13.974993933071648
153374_39,50.38288387294498,63.18983397572877
153374_40,45.56908063917733,66.86852401703024
153374_41,82.99048999713554,19.243839339092226
153374_43,89.90047269612418,56.64506653220068
153374_44,78.2537339798174,11.531036367278311
153374_45,88.08053955903351,14.393776070155365
153374_46,44.74481273106149,61.97364848853857
153374_47,55.50549287814336,11.031637836636042
153374_48,88.35442778087929,37.49355547734697
153374_49,79.17554125877098,63.168540281075444
153374_50,61.48949087807521,23.376503468204977
153374_51,87.6304516338869,42.774544576589406
153374_52,85.46157684760882,58.44261542617898
153374_53,54.4048997599982,14.885103675662975
153374_54,71.66332036345021,5.281265135752034
153374_55,46.729574636577084,66.45718398235167
153374_56,16.43183620952157,66.45072210543238
153374_57,21.759470250999044,64.99777628516087
153374_58,89.95716548095592,41.66390545542086
153374_59,80.66578292496234,33.312919321516844
153374_61,94.72606031431968,31.19892211532582
153374_62,91.27987925427121,65.33316440995212
153374_63,64.88834711963916,7.358316652006521
153374_64,92.64514502926158,13.034160101919408
153374_65,86.32415149269976,50.17482862561717
153374_66,43.679405933225226,3.3766843362386822
153374_67,92.6529399029471,22.976159248006642
153374_68,80.83726665119323,17.321526436486405
153374_69,100.14896923463232,27.681784304788316
153374_71,82.25836879959,10.546986938167
153374_73,64.28615853272106,9.920627309367983
153374_74,82.0647204899201,6.6507361110457275
153374_75,86.86598262359941,8.210145583875805
153374_76,94.20153384956485,3.752910066885856
153374_77,83.21664930481583,4.894303961153366
153374_79,71.75731247266678,12.41495493582832
153374_80,82.85214774146058,60.525101058155194
153374_82,41.71371149892665,8.364627558246982
153374_83,84.6422224700718,23.255688938400368
153374_84,89.62173032069163,40.054764940348214
153374_85,28.66153481110449,43.14486797975301
153375_1,62.99165899769189,61.218603279591335
153375_2,40.89853737258516,42.88245815969658
153375_3,78.60279416469562,67.55787223199864
153375_5,95.0411604978886,52.73066299299328
153375_6,35.72613766379898,5.8791251101959165
153375_7,89.19215345604016,30.707358826302734
153375_8,89.2643822237367,42.027861324921325
153375_9,94.35625731345192,43.09410542840495
153375_10,76.20842073387779,59.00820530211359
153375_11,51.27999626801153,24.77962469299128
153375_12,78.82616236318634,63.593391802265884
153375_13,49.23191703623873,43.44066259187833
153375_14,36.432337026057624,6.275443103340097
153375_15,62.2709269126807,58.36044178248341
153375_16,86.43757609014415,63.07496534159658
153375_17,22.12423746616402,55.162184714181514
153375_18,74.65408854285126,6.374250279329077
153375_19,82.80193033280285,8.08858181638445
153375_20,81.3229561534506,18.575738245591786
153375_21,82.85131276073479,30.450907115137817
153375_22,93.20653427120949,3.5528845079010676
153375_23,39.96784681870027,0.9280379029439505
153375_24,82.93209829625764,11.917809163896624
153375_25,90.38194542835534,10.263644841417975
153375_26,74.9113970622456,52.15572265236685
153375_27,58.56272267000307,48.62711362523722
153375_28,53.81247636102488,15.57012788539952
153375_29,77.75734187874102,56.71244219386245
153375_30,75.98674382056905,7.808640599434758
153375_32,45.94869275884855,16.642591584726127
153375_33,82.24767731419405,31.58226541285367
153375_35,51.749794265931556,64.34034453613192
153375_36,95.5010794951911,43.02616200485114
153375_39,66.91192615835355,61.41543817404803
153375_40,50.54750002261629,12.283884257387133
153375_41,74.24841671329291,57.3250298947243
153375_42,25.535954511865864,4.745928254409442
153375_43,32.447148190517375,0.0
153375_44,84.13938389804656,24.79102992271077
153375_45,36.37148624394115,6.400245660996706
153375_46,40.708510813166875,58.162094624985116
153375_47,53.65925188953596,57.96960678580381
153375_48,82.20387866172686,11.747044055963014
153375_49,86.8199790419866,50.7597820948264
153375_50,53.025335296123494,64.06459484866582
153375_51,88.99760199665371,37.96552786034599
153375_53,83.37746021184532,43.59386479964253
153375_54,93.08016600561193,56.568601804372236
153375_55,10.549974030043849,53.187826783325725
153375_56,69.55556649364556,40.12682865672846
153375_57,34.713409771367296,61.26090013600861
153375_58,88.19319628227649,5.829384572025765
153375_59,26.215882618270438,59.03815817402767
153375_60,54.86898735579943,53.25472261901854
153375_61,50.19056683424802,62.27315373514944
153375_62,74.32357746853857,62.25788361295827
153375_63,47.36923458087156,62.85698377659428
153375_65,54.29528913981479,54.87556953651476
153375_66,15.7705173025425,12.357679128746364
153375_67,71.50497914867202,6.023928794713119
153375_68,51.778145803338084,16.310258380436746
153375_69,73.62470270941301,62.176321953350154
153375_70,88.76155090090828,26.040325833340003
153375_71,86.30497960882647,60.63532176585501
153375_72,82.93708799246646,53.222788683110174
153375_73,90.57993884085697,18.428266408873956
153375_77,78.36273831325775,7.508509736026193
153375_78,91.27312501166547,16.328248421928233
153375_79,81.14186424648618,17.29828982252752
153375_80,87.77508808664177,15.007577768845783
153375_82,16.583341096328493,61.36944986627222
153375_83,79.17889029530187,29.31429868993152
153375_84,88.84635762290331,50.61215530469193
153376_1,43.98729799075536,60.04128705717859
153376_2,93.3361265608545,41.80479801870803
153376_3,74.20805102443924,7.456416393880417
153376_4,93.65105638966807,11.099362440149598
153376_5,81.38191914620258,35.61450643608085
153376_6,81.19532132504494,15.165728163606248
153376_7,89.51075166115884,14.86067445724761
153376_8,77.05613412642944,10.247325266350733
153376_9,89.66837108339168,16.85345914292494
153376_10,90.57439832394928,54.813006936338745
153376_11,81.78096936226288,67.71738242732259
153376_12,75.07410884217514,10.370478771017765
153376_13,91.30709513994015,9.387699385080065
153376_15,37.332126011320895,40.06594140127492
153376_16,83.9362300517596,56.908972499157805
153376_18,66.1797221340199,15.939353331240405
153376_19,85.54925705420169,48.502196284920274
153376_22,56.162642786869384,60.62727296696424
153376_23,86.0234157110702,7.819517232205854
153376_24,65.02205900825157,18.239874260221097
153376_25,63.968171788712965,17.58468969469364
153376_26,64.13499312912113,0.0
153376_27,70.48878338918789,7.10838001237749
153376_28,41.07038405384622,4.479942382992335
153376_29,85.58535155366405,10.526251157116885
153376_30,78.03237086895615,55.31915530873925
153376_31,79.8024901080788,62.32437351402702
153376_33,70.80985265330891,39.11634127071025
153376_34,93.45308498386404,13.862070160305315
153376_35,88.95762824105407,63.44381032131738
153376_36,77.44170379386242,45.10481412221229
153376_39,94.5274355134072,56.25969229671883
153376_40,85.01796485269205,10.532988384703478
153376_41,49.863486975765724,46.232812792077844
153376_42,45.30897671364777,34.370417082345085
153376_43,92.6577947106619,12.156740857163825
153376_44,97.81989955894306,17.940063118413796
153376_47,89.69996813001212,11.258785407145748
153376_48,76.88809007937473,58.74754034788193
153376_49,43.72732428180367,54.768222313017255
153376_50,43.38234045058566,16.39024830015943
153376_51,32.01085907891022,28.5815170399567
153376_52,85.18189858907432,34.225393110675505
153376_53,68.24954771385296,58.18003724988686
153376_54,88.80392323383188,10.307290778658365
153376_55,85.9952354228583,26.70536381529091
153376_56,101.5346735633623,35.800990076164325
153376_57,36.01125933855555,8.198935437818836
153376_60,27.530175214746592,53.80901950456723
153376_61,67.43176372657499,4.611647051621
153376_62,79.17294686193739,59.27215822663896
153376_63,27.76610113942645,12.785334491519656
153376_64,72.51746321492888,60.3759796897593
153376_65,91.68555755876267,15.947321211602318
153376_66,45.026795139980926,26.23035300843197
153376_67,81.80920199430176,6.953154326213984
153376_68,50.099801807341976,0.0
153376_69,42.61332012147582,63.54980297650614
153376_70,21.038765004292898,66.68451520046847
153376_71,60.336786810167396,62.24820973635273
153376_72,87.76969710536747,19.568303746493548
153376_73,95.0854669752082,6.667707277827975
153376_75,88.49761066363446,1.8478848761453772
153376_76,93.98207164342652,30.44860254239631
153376_77,56.778834337319644,50.151104356593066
153376_78,82.97258967897783,6.987819801179215
153376_79,102.17227428809655,8.195110267547822
153376_80,40.681949655689,37.016441352232555
153376_81,70.21342074893647,7.530489381753939
153376_82,81.59183269551798,15.333845125533623
153376_83,88.77455518937069,26.98017674885355
153376_84,12.607625115993493,68.0
153376_85,44.09192658111414,2.9484640660714283
153376_86,86.84738661482095,21.689642726440763
153376_87,77.39342243806536,57.67980218754658
153376_88,88.19748728767549,26.953724597247678
153376_89,55.878898371818785,49.95912237529202
153377_1,76.99580820879395,48.5069731904571
153377_2,73.08709238545606,64.55888397410203
153377_3,57.52924854070689,1.5307370777058236
153377_7,96.42853759740389,48.69616502818802
153377_8,93.7716495549907,38.38948111174231
153377_9,26.21560814962563,59.046730941099675
153377_10,21.013524195421358,68.0
153377_11,79.58515108234793,31.867698127124527
153377_12,67.36636804264822,46.251258996823324
153377_13,50.06550264523054,46.891413195592435
153377_14,58.61247831181001,65.13795885433498
153377_15,18.04510768013732,61.97834962027387
153377_16,84.29829885739878,51.744618743625104
153377_17,87.91896344171305,26.01295106275559
153377_18,31.844392006803286,64.63825653434806
153377_19,10.328439149474056,1.633861981625032
153377_20,44.735995215362166,9.49603832654056
153377_21,39.05051366517346,6.627752251466239
153377_22,85.24230951571975,11.189296515383433
153377_23,44.0809831588916,2.150314165023618
153377_24,92.32198340689315,49.151433785958794
153377_25,74.3956807171609,16.232356659518555
153377_26,72.98652197004775,24.751021893302838
153377_27,78.28073965582081,8.886959984837658
153377_28,58.19034575706552,27.551661550716293
153377_29,88.56826946802333,55.373885497431615
153377_30,46.602246095130496,65.34633016987982
153377_31,72.40801664834501,24.76328972475551
153377_32,79.1849619964389,6.477105872444309
153377_33,5.598596477508062,2.8556091984073895
153377_34,91.31323194064005,51.18344970163525
153377_35,75.82019237136102,34.72116491664382
153377_36,55.2531534614032,47.125640715652644
153377_37,94.04708112070627,19.025703001192987
153377_38,67.22953293518997,64.43406106289164
153377_39,16.890441295605115,5.114125214276727
153377_40,7.615831853218707,51.325260817969884
153377_41,21.356069086329477,5.230182120071886
153377_42,79.32504772285289,8.442651416511016
153377_43,43.87598060267238,60.980693772152954
153377_44,90.97202267084742,55.76638976644567
153377_45,86.4185642911025,2.382675214507021
153377_46,26.406559937470213,26.44927353788079
153377_47,52.31969093631617,24.113149149425347
153377_48,46.63006451263274,62.861604814444604
153377_49,79.93034846382159,35.262678250423924
153377_50,63.13328424651269,51.839579878102015
153377_51,49.82511354074262,6.55298883448344
153377_52,71.04300158793282,6.9403306265480005
153377_53,43.231568376829955,32.28205272572288
153377_54,68.15323561800653,61.075690613613176
153377_55,67.07315978924657,8.48521938633792
153377_56,91.72274222470568,12.836648167575031
153377_58,57.615353734305,63.59532326324352
153377_59,48.0812855111602,1.9813488637533205
153377_60,73.70833976134809,59.08799053142392
153377_63,76.08537051700077,57.998337763543326
153377_64,90.87582420871665,7.088194113606674
153377_65,76.44970902988118,12.850681810846398
153377_66,84.30517371503944,50.70736427566277
153377_67,92.13211538662905,33.531235331906664
153377_68,47.44139712692911,4.25748037914812
153377_69,74.83623174006514,7.694914964973013
153377_70,92.53494739411204,22.52119294211316
153377_72,37.006150007968046,8.16016424539962
153377_73,89.71528760423476,22.545121688309298
153377_74,70.38745241359251,57.51924037111398
153378_1,67.2310336109983,4.768308128600825
153378_2,55.79255417143727,64.23247932247747
153378_3,79.88022598714602,9.597832630980683
153378_4,77.46285186282054,15.945808357609275
153378_5,85.53084838659274,5.451298952293832
153378_6,99.45795927117085,34.024615250939696
153378_8,56.08646854915152,36.37377395528143
153378_9,78.38969739402863,9.169596628738166
153378_11,55.65655641209706,56.49568553384141
153378_12,65.29623625136406,8.511987747129918
153378_13,62.280749564028746,31.559177994693332
153378_14,93.07547677162208,11.792289343220816
153378_15,75.47788129825574,15.76992781391121
153378_16,36.288831105712646,64.13210572523546
153378_17,79.71668120857402,13.948258633012038
153378_18,87.80742623107692,10.846295983909176
153378_19,87.87510434265367,57.512681678804945
153378_20,92.48104585220628,42.30256833766501
153378_21,53.501180486306936,3.2278856294852902
153378_22,54.2486974683039,8.014010618861048
153378_23,92.23917574378339,34.42534582133702
153378_24,85.51736069286476,54.15717619312021
153378_25,42.51454367448645,8.244704347252334
153378_26,68.94960324816103,6.501051405453907
153378_27,84.76187515763627,9.627551357788391
153378_28,90.02720324383866,5.903624290252412
153378_29,94.36113032229696,17.68376003171857
153378_30,76.38330454570054,62.054680650343876
153378_31,52.64264472620388,4.501347782824705
153378_32,19.131726504245865,6.02306123414157
153378_33,75.68107764160874,28.12161161843286
153378_34,64.98154182825556,57.958144776514835
153378_35,49.669182780623586,11.836572395123873
153378_36,55.33745782631557,5.552203400588
153378_37,75.25235329021717,9.830780843847876
153378_38,72.12938010251341,1.9649697210199866
153378_39,22.849049409730174,63.32330495438394
153378_40,94.67984657024274,46.00666331601204
153378_41,85.74167333044845,24.56620523842531
153378_42,75.58728021441965,60.00905946519871
153378_43,93.2328906804961,45.39224917985375
153378_44,29.346880474029547,60.82523824159128
153378_45,82.68887120105717,17.631704241984185
153378_46,92.72167675917923,35.96212658224568
153378_47,31.94326688437025,13.469266752335141
153378_48,64.83369560649307,10.752712716122824
153378_49,16.840825167907568,62.142486188574175
153378_50,53.67412708093115,64.9770213924022
153378_51,82.69972667037848,41.63548544413015
153378_52,93.94713173364215,40.063580944145215
153378_53,68.60073152914855,60.79896859770816
153378_55,82.60042749421565,10.10420302680945
153378_56,74.07686736218855,8.8770756207368
153378_58,25.99698279068446,1.6088027527652944
153378_59,79.94477478330793,62.333217675372374
153378_60,21.29972459168741,5.509024667408786
153378_61,53.96672622910663,48.74985720149864
153378_62,88.70325340755916,20.5657382008872
153378_64,61.73019608700041,7.199333713438017
153378_65,41.81863789497288,63.32993572646119
153378_66,54.11782834458302,55.802977222835054
153378_67,85.98037204103596,10.01891278934066
153378_69,26.06876828611557,18.193070732958766
153378_70,89.73411938581913,53.655151889570774
153378_71,85.0197640593668,67.39525325506915
153378_72,80.24755601370718,10.599735348953967
153378_73,50.872842574417376,60.68427744512832
153378_74,82.65811779965806,50.65210124889452
153378_75,88.19647628553487,45.47151364275648
153378_76,95.03744582191152,21.24941514959449
153378_77,98.88310469844028,50.45409658481765
153378_78,74.31935997083762,6.852879749135739
153378_79,81.28229015306947,10.822045753514374
153378_80,58.936783908446266,48.63616671757603
153378_81,91.29936560015888,6.549401065615524
153378_82,35.59608418961599,15.70780143067055
153378_83,57.32939071198966,9.97488991313163
153378_84,88.09971299916806,13.737944353290047
153378_85,63.14923564007575,6.188593867588796
153378_86,53.5690202023707,12.201717350995747
153378_87,66.25539287940074,37.33413526249597
153378_88,12.935687879643861,5.640702288823817
153378_89,30.225539820875348,8.590111544988547
153378_90,48.86546900326459,61.692466338902605
153378_91,38.262635230881834,11.088387375881673
153378_92,35.890909530602634,66.83288089083116
153378_93,72.31768431897368,9.851226801619658
153379_1,37.85255245756012,6.4189425798357025
153379_2,76.3957839924997,21.047215094781247
153379_3,63.2558151162922,10.067768538582717
153379_4,45.042510430164434,6.199569241028845
153379_5,21.6502949270313,0.884365242857557
153379_6,32.50161350138983,51.92853544812762
153379_7,94.56705821776066,36.90134596499182
153379_9,68.78722036265425,13.090600058119403
153379_11,59.20083037677922,56.72635677431145
153379_12,85.42361584076795,60.676001783753534
153379_13,85.24217674705224,21.388179438078964
153379_15,84.61858954338449,63.84445109364237
153379_16,39.81515975294917,47.176453094554745
153379_17,46.04231693153456,39.837119061691254
153379_18,88.54381556569084,39.47457673016309
153379_19,68.91893459614285,24.892369747079023
153379_20,49.50983378783121,35.451020160227856
153379_21,90.46533376946368,59.76326262296723
153379_22,49.36541257334224,59.4100892930644
153379_23,51.09906077260638,63.557992756107865
153379_24,68.50902850434298,14.803773173372146
153379_25,45.70967844772041,59.20160856074522
153379_26,57.65352568433515,18.17803337249058
153379_27,62.3109671079677,37.44251582706419
153379_29,17.163602254116125,1.2805630608017289
153379_30,67.1036769414231,21.346205743109135
153379_31,35.442114911897974,4.104897012620757
153379_32,46.098551396717255,1.605822443104989
153379_33,41.77832961489639,63.51995979478828
153379_34,51.91521069581036,5.896623086792671
153379_35,80.18709539701786,19.921632922013686
153379_36,65.27567294761981,36.493339719667055
153379_37,58.98298552543932,21.723614178372866
153379_38,35.08416892911397,10.687613648249378
153379_39,62.62961058148114,13.247906611647645
153379_40,79.87259523957798,54.457120227471414
153379_41,40.310810856977696,13.735751173840438
153379_42,58.40587519259114,20.305404823303746
153379_43,62.518115488935294,35.76361112076653
153379_44,58.69569414527288,6.036247680029582
153379_45,59.81809417200708,12.206800949173283
153379_46,47.99376304592832,59.24882446535761
153379_47,64.86386222260222,18.680033332278562
153379_48,36.745182584341585,1.6341368878626703
153379_49,48.348300892552466,4.28882801754933
153379_50,36.14895282145536,34.377078162305175
153379_51,74.97410373791641,18.94019899837795
153379_52,73.84684652928973,30.288969652002002
153379_54,18.31300576575303,10.983508366499926
153379_55,57.493060998518104,42.592285794694725
153379_56,56.325521497967515,36.63318056220173
153379_57,88.70724307025004,46.25155045466629
153379_58,65.08095527729093,10.861888058997316
153379_59,21.99351920632893,5.360873364609602
153379_60,46.44866096486329,56.22401072639132
153379_61,65.08804990976324,4.257010287304588
153379_62,61.65648044353165,31.014561059111642
153379_63,92.86726304454277,46.40239545282583
153379_64,68.31051924065103,12.250973341481743
153379_65,63.0947751371803,54.59733831933468
153379_66,85.3051489786505,9.910944647152336
153379_67,91.53468536426668,50.42677877957322
153379_68,70.81007473624135,13.571993900982545
153379_69,50.12671033280083,17.279575427609124
153379_70,81.90324730604196,53.775885850480236
153379_71,95.61620327862559,55.876592743277385
153379_72,75.34565351567045,52.464949540445986
153379_73,35.32354000246971,1.691317882736702
153379_74,44.32157485241992,65.93316775858858
153379_75,89.54787009585466,19.116078010459603
153379_76,69.23112231900235,63.07307233155623
153379_77,89.3421966170512,22.681032843429264
153379_78,86.10925794251389,61.26134160965089
153379_79,79.24092650369982,44.715469637972504
153379_80,77.62088777200024,13.825534433911827
153379_81,41.02502096869796,46.71152165232265
153379_82,82.25327055580271,18.854057347706863
153379_84,68.70152291976537,18.907050988880926
153379_87,63.29173722162157,62.06895542501254
153379_88,96.3122591161632,29.817596680657267
153379_89,92.12232935098578,22.84668531049225
153379_90,42.08087901880876,7.766822463747392
153379_91,89.03863081009719,36.504584188925364
153379_92,88.55394461563344,51.5255722499074
153379_93,91.81182978444869,51.372024804106054
153379_94,88.0632303735013,58.823202168801366
153379_96,40.43828967175604,17.9765304165239
153379_97,86.57115132441707,29.539614846777823
153379_98,65.14281101283098,56.026968310844175
153379_100,85.01504907249738,56.147566799572814
153380_1,56.661159946745926,8.419745107440601
153380_2,72.44139325497689,55.76037420558683
153380_3,41.97153803794256,60.97440496668857
153380_4,75.98698000955287,60.864425990875375
153380_5,51.5840866397381,37.547004334448495
153380_6,80.01469639439497,54.158473292132854
153380_8,87.97416441931094,24.779579165657733
153380_9,98.1964103097749,23.573247034365963
153380_10,20.728593135975228,0.0
153380_11,54.87346212145922,66.61043985033439
153380_12,79.3122557132373,53.11013498385901
153380_13,81.12148320111226,53.49627686172419
153380_15,45.503762927735174,23.05017755484723
153380_16,69.96195581284667,67.49003035142013
153380_17,82.76247764633251,45.122102943521014
153380_18,90.5847471715366,38.2079175523602
153380_20,89.26704222420088,9.089998504024875
153380_21,43.465550449415744,20.292661709601898
153380_22,64.74600080173795,1.8583366543888111
153380_23,74.69600317862009,4.667053052749211
153380_24,62.813933694597,56.25419256484405
153380_25,85.49461331693364,56.36941364567861
153380_26,20.342786478942635,4.836390804884097
153380_27,57.59274605128785,62.600032134687865
153380_28,75.53681850462968,6.9224328977584735
153380_29,43.86093734462419,14.182694306984127
153380_30,80.70827762391556,9.757755978625273
153380_31,57.43177507502868,43.508984249163774
153380_32,88.15416867249033,40.115628318905976
153380_33,45.80019685786527,9.363988356970612
153380_34,35.84606237849998,0.0
153380_35,90.78287039787925,50.74879954262809
153380_36,22.52296039134004,2.2962066195504796
153380_37,76.71197685145428,3.531293241551859
153380_38,85.53720410510289,4.122950994373163
153380_39,81.56152694822617,5.622209098960315
153380_40,30.12693564220185,10.955467516422996
153380_41,68.8028541198767,23.279083973684333
153380_42,80.26188568194435,9.180404801656428
153380_44,87.74081292806757,46.39950692990483
153380_45,49.84075600823742,22.29157090882927
153380_46,85.79154939901848,56.48722812107083
153380_47,90.07135182019938,12.324002347622462
153380_48,96.08147758539693,10.257853571310317
153380_49,87.17206304494503,39.68980004285501
153380_50,89.87397293243625,46.66186787396627
153380_52,70.8342141571473,55.31838640427641
153380_53,70.10332627542215,29.239201640285497
153380_54,78.99212466330773,5.988690143546798
153380_55,81.45275999334874,33.17411407288937
153380_57,66.73030655268416,27.344635256068244
153380_58,83.06227994923643,58.71044750879177
153380_59,60.89565572141861,65.6116791165405
153380_61,81.18092811015843,43.269236701385694
153380_62,69.3937322828296,60.47944660082358
153380_63,46.407110057132265,6.191640310351165
153380_64,66.81245720057598,2.980978215622742
153380_65,76.80319283815065,20.79015231012231
153380_66,71.13193457746982,26.49527889642438
153380_67,87.76987802895287,50.042237734795215
153380_68,63.49877598088121,5.751012876985458
153380_69,81.28138598483062,50.4083117072037
153380_70,40.38539358043222,29.40980188905085
153380_71,70.74386392007158,47.673760681393276
153380_72,73.15549472709486,52.69621231441751
153380_74,97.27411950612743,17.515536324678067
153380_75,69.03988428961665,52.61233419413918
153380_76,87.9189796575599,51.37707405717091
153380_77,61.4908029807389,10.754314011613953
153380_78,62.014841987169774,64.46581901030287
153380_79,38.253470417801424,0.04736579306975219
153380_80,59.643940153983806,37.560537139460195
153380_81,74.0383956827713,26.726196585178663
153380_82,94.86669949581612,22.924742714334894
153380_83,59.12023689973561,38.56961513626124
153380_84,72.18227052735796,13.7282112480292
153380_85,57.88567376563199,3.4641168851683766
153380_86,84.59946453989325,47.450681388848906
153380_87,89.30207965738595,32.58092962646218
153380_88,18.50795256689073,0.0
153380_89,88.41161908237244,27.4887745734358
153380_90,82.9475585940213,7.797333101790475
153380_91,79.75503001035892,44.12794972830951
153380_92,52.090322045566154,45.651817579900545
153380_93,75.70020885178933,32.607547277191884
153380_94,58.374675988504166,61.767319498550584
153380_95,86.72459518056026,22.80615909106323
153380_96,61.64512202449174,49.252775721235
153380_97,68.1222399519118,1.7378667738043223
153380_98,94.26863043392117,34.63952102245472
153380_99,75.58985780831739,38.46719401727271
153380_100,43.21557293243062,65.4515332004216
153380_101,78.94242303863143,27.964575272407068
153380_102,80.58611047468659,29.51768376428633
153380_103,59.23678327063283,62.15486783221227
153380_104,49.02743788004698,64.93385421749987
153380_105,91.1990267563373,13.377892798549716
153380_106,80.64535559888624,63.233574600146156
153380_107,77.90069711146297,8.735576774536735
153381_1,65.58446952608409,6.482075618727309
153381_2,66.0989710095836,62.793632169598766
153381_3,75.15535024951653,65.76866558095027
153381_4,36.72393175840536,14.175783141877805
153381_5,85.96317236315515,15.887506580898787
153381_6,80.27616953791527,53.68300940944452
153381_7,75.22490483709706,28.569561238431785
153381_8,18.774203778821306,11.203599084721162
153381_10,57.43477262693321,26.86314538749094
153381_11,44.49743813840266,68.0
153381_12,46.45696809404444,25.46723690408033
153381_13,78.50716863663634,56.498615235841484
153381_14,87.26651743698412,60.74532602376866
153381_16,77.88550170984973,45.46038930727018
153381_17,37.9118976839962,0.7429907849248831
153381_18,73.07413763952493,59.68699677470272
153381_21,58.38069146108248,58.12365792150133
153381_22,49.88549949843039,10.861365130225169
153381_23,39.0145822007412,61.926474136004416
153381_24,44.22838739342387,62.55281838527486
153381_25,90.443028567642,9.639557350330117
153381_26,69.21051894075028,29.540627944316267
153381_27,19.262429650180806,17.224736181735047
153381_28,81.14411563454298,14.995237763657189
153381_29,76.8522313259683,40.23357119795053
153381_30,84.30941244372617,8.852666119521807
153381_31,61.48754408882814,46.86021754979471
153381_32,32.091071909279734,1.2310769992579313
153381_33,46.598170676019684,59.90247597967916
153381_34,31.762582469301655,13.061606770477832
153381_35,75.63878800073529,11.049558515993802
153381_36,98.59422962444462,40.66532601444931
153381_37,88.5942389800735,55.49069494935513
153381_39,83.2063511062308,8.541756336662532
153381_41,84.21128289099217,58.08619105586411
153381_42,78.98169165992988,20.567946229885116
153381_43,77.60328862942336,39.532857230707755
153381_44,85.35841783011998,44.47747680779145
153381_45,36.36709157411706,3.0900288373405305
153381_46,64.92724587155121,62.49686696536534
153381_47,63.70963076990215,8.214753865283262
153381_48,50.816980192321,8.60842076320521
153381_49,90.63730266393776,29.634570342528157
153381_50,48.60972546676378,12.319628761168149
153381_51,89.04513183981774,29.39254436451965
153381_52,82.85581148662448,20.943629467377253
153381_55,64.2813023008769,38.615441410689094
153381_57,92.44192084872805,44.99265880278725
153381_58,69.84791822973526,26.316077594948563
153381_59,90.1256782796499,15.046409766889077
153381_60,55.943530759801575,61.688634058655815
153381_61,74.33650209195005,56.83142851981539
153381_62,97.15305144993894,55.230402164529934
153381_63,94.56686985770712,34.26875659416221
153381_64,51.315905178327874,12.93329624019562
153381_65,41.596144217385934,60.341132351701596
153381_66,80.40669279050196,25.945125479957703
153381_67,82.31259102621006,57.69252968134857
153381_68,75.91555870508357,54.814509262829844
153381_70,72.9996663648587,3.824608337843922
153381_71,90.19432895751986,50.34084492555468
153381_72,31.983276544840457,40.658849458951906
153381_73,60.88625112772951,61.02616886270819
153381_74,75.1887808201361,49.37342619711756
153381_75,77.18923727566747,27.97000766096969
153381_76,94.07201945875799,26.788059965970028
153381_79,6.774340308840404,0.0
153381_80,84.99181541924594,48.21352316084626
153381_82,90.26941280811211,15.930415543312604
153381_83,88.40805295866815,6.538758613262529
153381_84,72.65278989940127,9.282938867829056
153381_85,84.65513145297959,59.47973669431018
153381_88,79.97529252205078,0.0
153381_89,86.67634908382553,30.923607919622633
153381_90,55.3342514314393,3.241452649870146
153381_92,54.683513935514064,26.630527088952423
153381_93,96.40242641518059,19.47843425740334
153381_94,92.8072382177012,9.578682680668221
153381_95,91.0197214616797,34.39814833208631
153381_96,80.4952125073186,51.59348153352542
153382_1,52.350673695568545,54.49169307542307
153382_2,32.86901463313395,59.973300217466466
153382_3,62.12829370140905,13.438346255311778
153382_4,69.28078782754001,41.56765187683723
153382_5,85.61984070861297,11.601643082088092
153382_6,88.00209253107126,8.132894602801748
153382_7,87.03890455811752,59.86796963870084
153382_8,78.38554153168694,48.29258016100634
153382_10,85.70964229077433,57.953630804461824
153382_11,27.214124512882748,17.169441725320127
153382_12,32.78468567947107,3.4935039429914556
153382_13,89.9436014676663,47.19888613551588
153382_14,77.19294064078758,63.37108711215063
153382_15,26.7123448053278,2.9177698313543186
153382_16,40.94400772011384,6.178754287768446
153382_17,88.91021322679563,50.16002276155134
153382_18,47.24070052372185,60.32334909594956
153382_19,80.81610666516917,58.927056077009006
153382_20,80.07051382009011,41.43135291594101
153382_22,87.98288413419239,55.07471605633473
153382_23,70.42791923923444,9.697239261531639
153382_24,72.68524627491222,45.5959348953468
153382_25,25.00457731760723,65.92105691286645
153382_26,62.17615101399828,52.92213928028548
153382_27,38.31068468643771,46.66651140124032
153382_28,80.69985648163654,51.185605442807706
153382_29,68.60720379930848,58.753486539603315
153382_30,86.95644130644132,46.46051295818039
153382_31,92.21171535906481,44.703541949250074
153382_32,62.82208413536492,40.19341567796357
153382_34,94.38291032394619,20.382965689892423
153382_35,80.78556247309949,54.038705049530115
153382_36,89.65165120441719,41.33722790492288
153382_37,78.51285916282818,29.281474884132038
153382_38,64.99231858254146,5.906503166766681
153382_39,17.03074833165791,15.125455517063182
153382_40,58.42730859146268,66.99921724607353
153382_41,93.67171414592147,28.92948628454266
153382_42,91.2201664712388,8.206186509155694
153382_43,35.53442495816348,36.47137579921316
153382_44,58.703611265466854,37.30467463040348
153382_45,74.42295404586984,2.0653862972755217
153382_47,84.7371046101491,58.236086086257785
153382_49,56.04930551018341,9.293661754393575
153382_50,38.261395246678944,59.21557150794877
153382_51,25.39745278813333,35.12889686209636
153382_52,79.95405506185024,31.69887479923109
153382_53,59.32498071218988,22.967282459133198
153382_54,90.76095334699673,43.025099800915484
153382_55,70.08472403613426,19.6766915966254
153382_56,49.46737063236182,9.20676467895232
153382_57,55.982511334897815,7.845242287476765
153382_58,69.61798910215829,6.172561604623103
153382_59,50.56210416686527,14.385943096882627
153382_63,56.584228353454,64.2878519347677
153382_64,91.22676185816424,56.83732608947974
153382_65,23.984160194959987,54.61048294993678
153382_66,81.97924936449776,58.5230982348573
153382_67,90.08585357206667,9.49420406526459
153382_68,67.42888194302978,7.260349217309919
153382_70,85.53185178376117,6.976060747537887
153382_71,88.32451163697873,53.39499530001849
153382_72,54.766656645077035,12.822431513405718
153382_73,86.00072393649975,56.31419817194987
153382_75,40.307919272258204,5.385977678437289
153382_76,68.37622346665944,44.94629328011659
153382_77,30.161400633703906,68.0
153382_78,90.22232791056683,45.014895250522734
153382_80,69.74377217004425,14.283051595780783
153382_81,92.93112497449827,44.480460234982914
153382_82,91.48724573670374,31.113970741910855
153382_83,94.98869299715003,18.873013423578826
153382_84,96.01243910998176,28.578753877077098
153382_85,68.64248482039275,55.08506323289104
153382_87,95.68176122082053,21.898393620730673
153382_88,63.52076654893929,57.7134846632221
153382_89,35.74884172974682,43.68026762344008
153383_1,95.06902652615912,58.84633458986687
153383_2,44.292066702975966,55.36968601332768
153383_4,29.88925758901687,1.7419002776004486
153383_5,70.07116151439538,12.451986663454672
153383_6,84.47628077410492,10.844302649459568
153383_7,88.39126948688515,11.856679937792137
153383_8,42.42772338583558,57.478826565229845
153383_9,92.94052200156816,17.60371944980564
153383_10,91.45453759052148,48.06192797713362
153383_11,70.15759984395491,58.907945545202374
153383_13,38.94374594412636,6.894692237072193
153383_14,73.43738404263874,10.666889907834626
153383_15,87.84405758913809,14.643963844986652
153383_16,70.42453416716504,4.737417596485411
153383_17,59.0314982116612,47.34731896681088
153383_18,69.42705859257053,57.32653954587304
153383_19,86.11047252193168,57.2447873284522
153383_20,55.512660143953056,4.153074767710671
153383_21,57.21879564388642,14.706426431702095
153383_22,70.2122578759352,59.27596461171509
153383_23,80.20626225465092,15.519055298637575
153383_24,76.73619133161586,64.12196960524017
153383_25,83.41536962757567,61.254325380438175
153383_26,34.6926022924022,16.123988920220174
153383_27,85.262996396035,50.51152262661115
153383_28,72.04082782597466,12.160893457907447
153383_29,88.53923293005995,37.2423025353365
153383_30,61.28492716661693,42.479986732759436
153383_31,61.09177054546137,61.48008621358472
153383_32,36.57268345634678,30.0283264699063
153383_34,71.38368335788405,3.023826428533627
153383_35,84.15710686615604,37.20409995917026
153383_36,95.96579803216001,16.418888054011923
153383_37,57.267635838437876,14.244794337548807
153383_38,74.56122997970446,6.649326498035633
153383_39,57.26999992082814,65.50664089616001
153383_40,64.18007310433332,2.741570517048241
153383_41,37.91544049607205,11.734913257992577
153383_42,51.84173088542808,57.0497222702207
153383_43,29.187560935261306,0.0
153383_44,84.46614603620691,60.20097327614676
153383_45,83.77172644361099,47.393888261063346
153383_46,63.95870645844246,28.34125351005023
153383_47,97.27159680095251,42.13966399110475
153383_48,87.52067983880521,53.04763476361681
153383_49,79.0487132789831,4.1202552254359475
153383_50,54.78711311235163,66.2605292801612
153383_51,45.784016293596,64.91174812069814
153383_53,88.75923179962955,24.334839573744034
153383_54,53.34180787402245,0.7890425959387724
153383_55,22.431095076973026,65.66366284507971
153383_56,88.89011169688688,18.405146298701965
153383_57,78.49859422664916,9.250713466745434
153383_58,48.76158533215378,57.1148042306378
153383_59,76.42310050411687,61.07777653092742
153383_60,64.45454481591565,2.867334422303157
153383_62,79.81839226263003,53.429338463221626
153383_64,91.62104889576474,52.78778574119247
153383_65,56.17981661803035,46.328983898627854
153383_66,66.08366776268988,7.582214308430646
153383_67,81.46940563241475,51.67208247997342
153383_68,76.47522640513348,17.632636582644746
153383_69,40.450707346814994,6.072854187077622
153383_70,41.449668592413126,6.194290789983032
153383_71,85.2865804986917,50.671904833362504
153383_73,21.643252717081417,59.461328218280755
153383_74,66.57463589300323,59.932354214894865
153383_75,62.639799198466775,29.737420803045058
153383_76,65.862841515676,57.893695182245665
153383_77,75.0073339619519,25.16951012015818
153383_78,91.83902835325961,52.62514956992574
153383_79,87.04800451106647,50.10592054476858
153383_80,93.88449191255526,42.2798228252001
153383_81,59.052545512350314,29.916681320799814
153383_82,47.17954815018148,4.596958649588479
153383_83,79.01108037326746,28.737742129095853
153383_84,77.60977961569688,62.32464638071436
153383_86,51.0293868008176,57.397293181985205
153384_1,68.97619681954066,62.625836721079594
153384_2,66.20796489372484,51.50178216087536
153384_3,44.13389063838872,2.5929864565021905
153384_4,26.142968247613595,54.01968832605871
153384_5,75.18337128859764,7.871082801434889
153384_6,71.98941148002238,68.0
153384_7,53.109138694776235,2.6367478220924925
153384_9,80.09852341523299,38.37394146743661
153384_10,86.85094733336778,25.186258043519146
153384_11,53.040430700618586,9.460805842248899
153384_12,90.273007485025,64.04508397867808
153384_15,70.19435158245882,51.54867093705394
153384_16,69.25860673964446,11.905364617783475
153384_17,56.77176299302842,56.44654670278877
153384_18,50.43877000289716,0.0
153384_19,81.19721834754488,28.747636269158274
153384_20,86.55479928597441,6.391241908126798
153384_21,58.20057040383195,46.235240364604394
153384_23,51.756913810457405,22.762241633397377
153384_24,55.98200433781088,58.360173552819255
153384_25,71.38410126449807,53.992205545779704
153384_27,84.23051035182021,52.95608148047852
153384_28,83.73269728993553,57.17005433787089
153384_29,88.30808371316398,10.958878437718834
153384_30,69.3079966916265,57.44995353913155
153384_32,75.67454237980093,18.960518156824087
153384_33,59.845535380100266,63.18799737489555
153384_34,87.80811053454947,48.39705168513076
153384_35,37.60342176291933,4.298536756727638
153384_36,89.91705313104158,22.273613175449967
153384_37,41.6484763320656,43.64506486602138
153384_38,36.224988579864274,38.57957903654361
153384_39,46.46098042405227,68.0
153384_40,38.37937103447573,6.922437486417467
153384_43,74.64000540476181,7.66076129819483
153384_44,61.74304963620767,23.401953164856987
153384_45,66.82006917617021,12.515978706478844
153384_46,86.06347345569576,55.90367133044198
153384_48,93.79675532524371,62.217115049650175
153384_49,21.018157869481072,3.3625223783653038
153384_50,73.35249917686187,42.24889740504691
153384_51,96.75767085262403,17.682455373872184
153384_52,47.06030464483048,62.445640993178046
153384_53,70.10832130494617,14.00031867292746
153384_54,95.79583084463637,10.462930616232883
153384_55,79.30419602259232,4.659599977085698
153384_58,91.67260061614327,47.99336120057834
153384_60,61.7433973873354,7.652354670426062
153384_61,84.04616814141625,33.24318874495178
153384_62,80.94665049596162,17.15516401815473
153384_63,74.04433641427534,9.950176404736029
153384_65,34.212267271852525,1.2684604041752379
153384_66,25.483422079933984,10.680894968927289
153384_69,91.9981228061858,10.337641050300775
153384_70,42.17485904135479,5.270845406866857
153384_71,33.78581403680046,2.4534959157303566
153384_73,31.64092273952744,55.78046921767679
153384_74,39.32327563272497,65.27060392207092
153384_75,80.05288308694705,21.394249919678057
153384_76,36.737077924305915,53.325859080080576
153384_77,98.163039674129,18.01261475273888
153384_80,49.204826274023155,25.93266919404087
153384_81,80.55252473315218,8.208378056870435
153384_82,78.10821741048682,14.58258026532368
153384_85,78.53799873246277,47.54901297740701
153384_86,73.53833727093085,6.7547592935842875
153384_87,48.937312846986195,57.23530157952984
153384_88,61.6210233749389,17.272140034819632
153384_89,89.41883286780445,5.575500337045201
153384_90,63.54417348198788,0.4195242059063524
153384_91,63.458168706086816,41.04296508814227
153384_93,70.1090050091151,14.020617827021775
153384_94,43.594260534312056,38.230769492667314
153384_95,91.93927274423558,25.088406815137706
153384_96,83.74882238764023,25.603639978512028
153384_97,29.131601406871184,6.911852761080025
153384_98,68.43600923455148,57.82236309983095
153384_99,27.59323389465133,4.800581283079753
153384_100,93.67985314289025,38.84710878575113
153384_101,54.64680567629527,34.11036319349523
153384_103,39.58824560967575,43.6207930567317
153384_104,67.12900573073911,58.252918022014875
153384_105,63.502043189870484,10.403350390782734
153384_106,59.30234165117926,32.080062827270865
153384_107,73.95281078700475,41.05459568323293
153384_108,90.7625566858038,9.81437650117126
153384_109,86.02831466121224,37.10071125687093
153384_110,69.00490890758353,52.713442849014456
153384_111,83.98800205267938,61.57793628986116
153384_113,44.81048932152812,34.34203324995444
153384_114,97.81280839633611,29.840318919008414
153384_116,95.73670724239496,33.65794999694388
153384_117,87.022329594001,49.77555812555103
153384_119,94.00401431541823,42.66313365877767
153385_1,75.68162353423587,66.89539193577083
153385_2,46.715921179397576,11.529175066396379
153385_3,63.81503731252831,57.300022202929554
153385_4,17.90604152887836,65.03801545379227
153385_5,64.30416633214942,7.926499423465656
153385_6,32.740661036625376,60.68518004085711
153385_7,55.94782386727574,62.27780519534485
153385_8,78.154438924542,46.265166785612024
153385_9,82.79458354253468,57.56783979554346
153385_10,87.57395157599315,53.454005723294856
153385_11,82.14723698839367,28.03289515576037
153385_12,56.836429989778786,41.12558001987094
153385_13,16.530095616897807,37.331668477021495
153385_16,72.96483722324733,17.21700554237802
153385_17,73.55682270725269,52.47288714306321
153385_18,72.73005420752385,40.17690787814732
153385_19,41.438725457263146,66.04979007604757
153385_20,47.82067445463824,68.0
153385_21,62.28180096924659,62.249097337744004
153385_22,80.995568755871,63.26292798337775
153385_23,87.50860973458303,58.03277873868306
153385_24,39.22406929164376,58.746822143342456
153385_25,41.33169404382299,40.81749293243321
153385_26,83.27910516026753,28.32708994183367
153385_28,74.55919462076106,62.80833108873409
153385_30,12.560447875932503,34.30273152914386
153385_31,71.19886741329238,20.23074106985922
153385_34,65.10693958220307,7.380880460857135
153385_35,47.44719776991208,46.69198549258105
153385_36,88.65261533765795,58.16282544831778
153385_38,90.70902235973469,17.85357046046433
153385_39,75.50943063811887,49.8264895867384
153385_40,91.98086386733183,36.219808588008206
153385_41,66.12750011430198,11.210260413755254
153385_42,37.73769021426744,53.68369303467737
153385_43,33.022648691271684,63.63789088648451
153385_44,15.750735556469959,11.222784109128833
153385_45,86.22301031358761,46.94443177067319
153385_47,87.87216281516234,52.54681425972615
153385_48,44.81809620466929,56.74844370526707
153385_49,33.98152606525295,29.373493306815885
153385_50,58.890448878788035,2.4896724760727276
153385_51,67.47062033895945,58.24146069181243
153385_52,90.60178461192749,22.85949451217322
153385_53,89.30281137532594,33.9237646380336
153385_54,65.17999846043871,40.446120589415436
153385_55,75.83382261485055,14.969147672204064
153385_58,61.1344332328679,58.561547989781324
153385_59,96.043536501138,19.329153193667583
153385_60,93.88280048660309,15.837335581207679
153385_61,85.47738461937536,37.97679762411053
153385_63,73.33601811533018,45.64319890712833
153385_64,77.81325512918143,9.272847000585049
153385_65,53.502004443005404,23.293079104833534
153385_66,95.2443164489696,18.906812091759157
153385_67,74.79765296612689,13.690890494957257
153385_68,95.2734478264625,25.727320683147457
153385_69,75.8796347035326,61.20804678275171
153385_70,67.87706779025237,28.572849451465
153385_72,82.44078523214641,30.17336782753147
153385_74,61.74705431042766,8.596069497761556
153385_75,51.74564077737136,5.397350162028291
153385_76,84.08949051454428,24.36908856902666
153385_77,98.35130715954547,59.61521515993845
153385_79,46.05955951572713,0.060949900476744645
153385_80,65.00301747423684,6.068742160990009
153385_81,66.29323196528229,23.71050348405709
153385_82,43.92913356464225,59.09125381161006
153385_83,87.61836261470684,20.498798221132247
153385_84,86.66599358326967,13.098173131379857
153385_89,85.2762738991199,32.909715235579355
153385_90,101.65418117370889,35.82792357777112
153386_1,79.4088163348076,5.398620888634596
153386_2,85.06384858219069,15.006608004391015
153386_3,59.67586499431013,17.076033813981383
153386_4,71.23738166589655,5.700487442591683
153386_5,88.75487373782137,30.198325924935055
153386_6,84.73952957811098,12.788402018367979
153386_7,75.71227742894186,60.99533298036393
153386_8,85.25130422920358,37.01958746137632
153386_10,65.19905228767456,26.370227858567958
153386_12,61.93530802412694,31.965900685979726
153386_13,57.322919875021384,55.94733797791705
153386_14,38.51499936609546,55.22406432430731
153386_15,97.2248451405105,57.780545382804945
153386_16,81.87609563417027,6.5149840735674465
153386_17,26.948246623098928,68.0
153386_18,90.71321001467786,3.0628830357013435
153386_20,53.77188217864253,2.8963375242017513
153386_21,80.8294519394575,9.343405213575062
153386_22,63.44649484729639,58.532396171118535
153386_23,88.75835771706558,30.188249985680358
153386_24,77.89232444806161,46.74070036754541
153386_25,72.08410044182406,5.1635232897849015
153386_26,85.18592862695863,0.35197984189410736
153386_28,63.07492410112326,21.40239864844603
153386_29,72.39066936682799,63.666773126901994
153386_31,75.34947485046727,17.054475693605028
153386_33,60.47817935196982,61.59079468141736
153386_34,67.11787937613481,2.5639015548818946
153386_35,51.15668018655134,64.65869330612027
153386_36,93.83425961601037,5.818611401003638
153386_37,27.741337510055956,43.7597166297886
153386_38,92.34984093583567,51.29138089914238
153386_39,60.74255573113152,12.551630836042253
153386_40,43.486335367506335,33.325138086312876
153386_41,68.0248411658491,16.083452594379374
153386_42,73.88088360112712,18.056050891270857
153386_43,85.38233234498897,63.22245907887494
153386_44,69.27711982320056,56.21645898770448
153386_45,87.48135882542498,46.60958328283956
153386_46,77.00206019019538,37.381375218279246
153386_47,82.47137105735942,60.04275420771683
153386_48,54.592132598531805,5.718272374164702
153386_49,45.96311599492507,64.84866919623627
153386_50,29.825674024525277,8.922302841013083
153386_51,66.33507747745341,8.228337464369119
153386_52,63.16364255914717,61.93296805743606
153386_53,52.33195869967079,30.844243684006592
153386_54,94.58241630010455,33.8975867661298
153386_55,95.56434851595453,27.590257026845133
153386_56,72.4096032759238,40.09974437287959
153386_57,93.58104223962025,16.433202222970273
153386_58,56.77964398024233,30.839975424411993
153386_59,68.5519219516606,24.347343398840113
153386_60,88.55470030872553,23.117967270753848
153386_61,85.03320031992013,18.6870898281661
153386_62,85.17557250229697,35.68865848596681
153386_63,75.07480226587218,66.87953341134461
153386_64,73.1252009666369,61.745574263731875
153386_66,84.49916550917183,7.561342241900405
153386_67,58.11727880237357,61.92534637527053
153386_69,77.2112510086446,17.07074745632996
153386_70,41.62458865002203,24.40605797265276
153386_72,69.19997917794781,7.918301096201986
153386_73,31.023568068327414,15.70642788495437
153386_74,65.86521843081071,13.096316895513045
153386_76,90.71146123239214,46.66803221221757
153386_77,87.25930936925184,13.268140928471407
153386_78,67.05310477383122,4.9095850126090355
153386_79,93.01345091717674,27.77199146479282
153386_80,37.64754212480638,17.79978595702392
153386_81,89.9175130794302,48.330624903759144
153386_82,82.48076535003327,13.750534375189908
153387_1,75.83930383782247,6.742532051152999
153387_2,82.35173275257768,1.903863834175657
153387_3,74.7728027870911,22.652640806177576
153387_4,89.55658028697034,25.654228431980997
153387_5,78.25580447498723,22.84217954193728
153387_6,45.58320878830091,54.559755256804884
153387_7,17.729883309161973,3.4342149562274
153387_8,87.95074341783713,42.30454540831849
153387_10,83.71370886909087,9.930010180319242
153387_11,69.2531673077635,60.776517464568165
153387_12,30.744121955529764,46.94982724366124
153387_13,58.75427044336142,13.937589151258184
153387_14,68.53681380840418,2.2032312780300396
153387_15,20.41614892388507,3.1578127893633203
153387_16,96.31588662140177,5.5366617210135605
153387_17,94.02426323778258,4.32502004635188
153387_18,84.10206828255284,11.922314682486642
153387_19,98.08001336544481,34.65570255794637
153387_20,53.357393499103615,5.546348200630797
153387_21,81.39084452404322,35.282419001769114
153387_22,71.29175066832845,60.42267267168189
153387_25,68.09610884072058,61.402182914994604
153387_26,47.793804961174516,16.49250117661107
153387_27,92.89885704104695,40.04263162536615
153387_29,82.94192619178635,4.478825950456471
153387_30,76.92160694157297,24.389576781308346
153387_31,72.93677771932326,4.339827082502565
153387_32,88.63523396169168,62.25346995848202
153387_33,33.804829460218095,1.3248870203185872
153387_34,79.96858588759957,13.578822084514721
153387_35,40.014405181455956,62.65459077369725
153387_36,81.885661073607,56.68783432108439
153387_37,60.32114865423994,35.784382642621
153387_38,83.99979415722335,11.944795409739735
153387_39,36.66514019221917,6.906389837476937
153387_40,43.87546305884191,12.209151634367217
153387_41,87.88718865571593,21.587279134107273
153387_42,90.84654131803597,11.533596503200295
153387_43,88.7343632617357,50.6820723310793
153387_44,95.30673968827718,18.195939924068348
153387_45,84.3836608535277,15.348436764583875
153387_46,41.83758305071017,37.015640919254274
153387_47,93.80331404516048,54.037201361361866
153387_48,60.67741769794896,62.193038220070164
153387_49,51.7988846925031,14.095530255762148
153387_50,92.98872067046253,35.81734959846635
153387_51,84.58716189555561,16.90568222720821
153387_52,55.247207368253136,50.37038947757676
153387_54,86.96258522252967,36.97266989010484
153387_55,66.59169687180993,29.40910082826996
153387_56,51.965909538596456,27.425262451226523
153387_57,89.52082513982948,18.585245016846752
153387_58,76.21921025180018,21.28793757126556
153387_59,84.30541988327123,43.814120910111214
153387_60,47.21981912263135,5.960052594356062
153387_61,77.23939429788985,4.9088950540003955
153387_62,97.63369414750916,8.937130294705993
153387_63,77.18896001500669,44.974461891554256
153387_64,78.39345590285937,61.70973200110774
153387_66,51.144963826988814,45.50971742724127
153387_67,87.89093987335238,57.09405809313893
153387_68,70.23208397441047,6.500844798669018
153387_69,91.06867251641835,14.940953295766029
153387_70,62.15037660837718,27.57801942070444
153387_71,67.79484472008507,23.064532877564638
153387_72,91.57732356495133,41.19404178037166
153387_73,40.429939414201044,21.013181582583208
153387_74,42.64133875482584,67.56676651156089
153387_75,51.241155028491434,61.95771905296885
153387_76,55.94598523671485,27.67900225030705
153387_77,97.8032535454466,40.82712660482772
153387_78,94.6379975061224,22.16449080728036
153387_79,65.97915418814785,14.85363097930967
153387_80,90.16493714770034,9.759094392105776
153387_81,78.33243524717929,49.837838533517385
153387_82,88.66959423975341,61.22901858187268
153387_83,90.32471467077599,35.74044640567143
153387_84,97.88864077892609,59.26773835434633
153387_85,89.53363258936011,23.608747630626116
153387_86,34.64232939723906,1.946368416965306
153387_87,67.38176001919567,33.553049570571034
153387_88,46.38614113449708,5.673594612803931
153388_1,72.83938493149422,4.984426843763433
153388_2,90.74618668926279,14.784679439258586
153388_4,100.31458018064995,45.6302542079888
153388_5,65.37310513054653,24.701151955602853
153388_6,77.79736227861136,54.44454330414808
153388_7,47.54702029832774,1.1890132733183272
153388_8,67.32181993104871,12.872379407305488
153388_9,79.91701504319413,60.65262965716975
153388_10,56.98353783935781,6.9345479434705375
153388_11,47.69113487571734,10.340572496693262
153388_12,92.7144527616068,41.161782630458426
153388_13,101.84811533148228,22.03259005195312
153388_14,82.3652616166727,4.1206743601137426
153388_15,71.34992776258613,53.96090490777904
153388_16,74.10451077628734,64.02398272426717
153388_17,55.12255409793972,8.573760519086823
153388_18,66.73158771721606,10.982319311274166
153388_19,43.52163179365654,34.28007270870459
153388_20,17.663248131800458,0.0
153388_21,61.71245495346045,65.22674524983049
153388_22,75.58032257350334,4.9813946370354305
153388_23,55.15964008579639,29.689988599115207
153388_24,82.74132591943929,6.423816541845612
153388_25,75.4011765074385,52.55182771747057
153388_26,66.00881991075391,27.881507311344375
153388_27,60.79810731808917,17.982784205804904
153388_28,86.76198501393546,41.948064060056396
153388_29,82.49264427176246,19.32377660996942
153388_32,94.96120317971585,8.132201239770094
153388_33,74.1122161959678,4.740803274397887
153388_34,77.69694809573181,47.09192230388686
153388_35,89.87615094452994,23.87750528157955
153388_36,45.61128147605342,55.02875657874355
153388_37,92.4806849770476,56.95778126155532
153388_38,85.30991322867541,9.47914349944687
153388_39,39.68760048810983,5.5011261794184705
153388_40,85.08858235322519,53.89174994454088
153388_41,66.9979326808243,42.86321983550664
153388_42,74.8134222624888,5.376764890489633
153388_43,85.09840285644756,47.031214925698514
153388_44,69.28416671231123,21.655469978015084
153388_45,40.63387331290355,66.67734890044734
153388_46,90.95661503567172,49.54649003693904
153388_47,84.7636830963066,33.35843207591441
153388_48,63.50705953087723,35.430096149807
153388_49,59.70320340898501,59.81416091510171
153388_50,69.52807997713224,42.01316234304078
153388_51,88.36097917926999,25.55610417743838
153388_52,61.525826873812576,27.041069113984346
153388_54,86.82006004643036,1.6776080518685497
153388_55,27.254487081857725,60.754177832161005
153388_56,72.28693046416402,10.177847192121703
153388_57,18.30677306719062,12.502232661054613
153388_59,95.26378053663235,34.508771516537685
153388_60,82.06987411212233,40.15752217436523
153388_61,79.19401579520992,40.313781833444075
153388_62,79.81149792779621,14.915874845790226
153388_63,62.332328009306,23.35121626322145
153388_64,83.20378745742232,52.727145746144004
153388_65,65.42554236825525,65.33048181339865
153388_66,35.8119665637496,9.394031131515455
153388_67,92.11281746768982,60.35924251650795
153388_68,62.85295200448632,43.97824009258691
153388_69,68.00110344875552,56.01467860242707
153388_70,59.81477628443695,58.02819900254806
153388_71,76.52798252913665,21.023799366696224
153388_72,71.6968321341055,2.427051894933335
153388_73,79.11760576686646,18.51194417105664
153388_74,82.71498186806994,9.221676578866038
153388_75,79.44212592449526,16.341275430196454
153388_78,91.0635647405175,26.51582050822156
153388_79,72.16390674160135,14.872567163641076
153388_80,57.02899304107401,61.244685199483534
153388_81,93.82468078519298,23.199896655705473
153388_82,47.43657457405377,43.99513793206587
153389_1,73.90867411431259,63.72008404585896
153389_2,37.12300892414525,12.013503239720585
153389_3,45.63383500847971,21.23616073626365
153389_4,61.69517728048143,65.24281610991584
153389_5,73.9930616409454,57.54720639718584
153389_6,64.81720644235203,54.37973385855331
153389_8,63.04123754466178,39.11407296218859
153389_9,69.48345519034726,35.37761512364461
153389_10,63.9297683261502,7.8623493021020945
153389_11,78.17372094430918,6.098007769562567
153389_12,20.735999837942895,61.72084084240723
153389_13,71.98518945150059,26.13221702415465
153389_14,98.44964579024814,30.824894517849387
153389_15,69.9329759778274,28.533134542667028
153389_16,88.94521077802864,58.567790351108336
153389_17,46.825897316373386,62.55789714071903
153389_18,91.21321718843018,45.766319224846576
153389_19,71.73049597805942,34.30586754979271
153389_21,43.38189543280831,68.0
153389_22,37.274227547696434,2.9099791064034526
153389_23,87.10659409249196,18.719615668091965
153389_24,90.53522322004208,22.479289956984026
153389_25,82.33455042796474,58.61884487678191
153389_26,73.16622421131844,5.014833130308103
153389_27,69.93344926352538,37.72234202042176
153389_28,86.76514816895818,24.33626413374885
153389_29,52.74891058725514,59.0131858489077
153389_30,75.67886744104688,64.06325352646103
153389_31,93.9468494724465,55.83762148906725
153389_32,89.89724650122702,35.71431096115457
153389_33,74.08580956297112,50.85150878020798
153389_34,10.777350457879827,63.10746077804902
153389_35,54.61978837846815,36.21063000280491
153389_36,74.445709496521,8.815976269978613
153389_37,61.43222903349532,60.23262214299127
153389_38,5.419410018179105,15.431977628203148
153389_39,69.81167515408438,67.72878867508736
153389_40,30.654239937749793,65.5225780546933
153389_41,77.76241074133681,61.23033173988863
153389_42,93.06883187070298,36.66863643839002
153389_43,62.20437438098905,49.34008381702759
153389_45,65.68389458008613,60.25578672690347
153389_47,68.25470743982713,58.06824105363837
153389_48,54.80019535216381,59.63079975441472
153389_50,71.70230389959876,67.31816179289206
153389_51,7.582577808743141,58.66907781721662
153389_52,53.940173509364044,5.349806428161104
153389_53,69.74234342841962,60.58077017636156
153389_54,87.63348448475392,55.944938461021465
153389_55,63.27723913087412,44.961449559625756
153389_57,83.65637049484491,4.957857078389942
153389_58,99.11675476314579,41.35035982593399
153389_60,84.0704812856881,58.78794182083609
153389_61,38.05486291893422,4.966465946330393
153389_62,25.335605468843923,51.76137967080532
153389_63,31.558493366877777,57.1097359511906
153389_64,79.88641275954974,10.141121642263956
153389_65,83.61075350946041,6.913988481185693
153389_66,91.75558149451388,38.58982380061631
153389_67,16.4098723969814,26.03481593353161
153389_68,93.56494068253329,34.54837421435256
153389_69,87.83684691501432,44.65805992041792
153389_70,89.51651920511411,58.12280938032502
153389_71,70.42073409075994,10.74984031706834
153389_72,83.50128115805192,7.410133225600073
153389_73,95.88745875019397,47.29173488053357
153389_75,95.36385876993559,22.44246739523549
153389_76,32.1495191503801,5.8383316503716625
153389_78,90.71276797913757,51.08446303230639
153389_80,90.81757279528944,41.014768711953394
153389_81,93.76981127354051,52.075920429630685
153389_82,63.5237706039415,18.519914214440533
153390_1,44.36663327599823,9.72678458589257
153390_2,43.285806889390095,5.261223587563016
153390_3,91.80298049592214,13.236430825102634
153390_4,45.627875371352566,13.525923312741908
153390_5,81.18224619752287,59.77065016579933
153390_6,95.39937050634238,19.97624556051598
153390_7,87.43108802913976,33.51844529785234
153390_8,46.6885906509018,51.73905699880101
153390_9,89.41747453112976,34.121351329422914
153390_10,95.23828905120838,5.330476087520895
153390_11,39.09117422187378,51.3775375181235
153390_12,83.7309174472826,17.825441701023838
153390_13,37.83361539651011,37.65066217440743
153390_14,56.29159465872665,3.3303625362452927
153390_15,40.728449536476674,42.79644442162956
153390_16,91.17424696620861,62.441307537854854
153390_17,56.297002858157256,60.20150242770859
153390_18,66.95043197640199,24.181780584800688
153390_19,69.80350618710847,34.39394019087567
153390_20,82.60386509346196,48.36321623968107
153390_21,87.38610464386542,4.806926095672647
153390_22,65.00935290896872,15.60102618705024
153390_24,62.075077806100566,36.612559239689375
153390_26,68.96927065862756,5.123335318255233
153390_27,91.37363987131792,28.619477683183337
153390_28,54.38884977547501,4.692387879679653
153390_29,29.644365919777368,55.62929539736113
153390_30,80.45590953528097,38.411989412746415
153390_31,95.68043552901518,30.445671133006513
153390_32,74.49251316259893,43.6049239718002
153390_33,72.75134804897122,52.70707360401244
153390_34,92.8020630065957,28.066585826190174
153390_35,29.638998879011705,65.07658456397112
153390_36,76.8379174656989,7.270294496394471
153390_37,86.56321793378905,4.8698851404796475
153390_38,64.38339316138958,12.17712458636153
153390_39,55.719378347241694,59.43246537576996
153390_40,70.58261948382273,53.54440800050436
153390_41,38.145478664197235,0.0
153390_42,82.9304087695515,27.705762786015427
153390_43,35.39913820012802,54.71026826325631
153390_44,35.87997226871451,50.62347285440169
153390_45,78.770617121421,16.763239773774494
153390_46,71.08994573261207,63.74225164756276
153390_47,88.5832940146542,52.852418080820804
153390_48,71.68393205109237,26.92114904263187
153390_49,49.69345098444689,51.630601381289644
153390_50,66.7835201451751,56.22374979107312
153390_51,23.50310923103792,14.09874232207563
153390_52,44.98429597127478,50.76082389118319
153390_53,90.55627037162333,5.426521018748831
153390_56,46.064176825828724,16.289265786472594
153390_59,23.98830477165174,24.50897824144107
153390_60,62.27967436380262,36.758070584222516
153390_61,42.42880641887914,64.54394926956073
153390_62,63.708315627205536,9.953565519016857
153390_63,39.594809841621085,52.012407148522456
153390_64,10.851887282042076,23.758974168868345
153390_65,63.91825957688358,53.610652917178825
153390_66,83.74974601116887,25.060172541391918
153390_67,52.713231443811296,51.658951744004625
153390_68,89.14358844587402,42.993041479783656
153390_69,87.96732337518708,54.26244098995461
153390_71,34.243356391913764,4.802984548965437
153390_72,83.19437468775445,62.67620658481229
153390_73,39.12004997044998,46.43801723417773
153390_74,58.96875381707159,34.02459087197553
153390_75,49.90838099831328,2.0220132482763256
153390_76,56.19357720129126,10.887955033396757
153390_77,38.24412723129698,47.876371088483594
153390_78,89.950120840501,23.304819970685184
153390_80,77.59670134733247,57.51896657524662
153390_81,75.2039927349359,3.4397863493843133
153390_82,86.0669406632903,19.84880578332743
153390_83,76.00566416008535,51.821280540487884
153390_84,89.66179437856353,4.8258825105020815
153390_86,77.56680406118109,11.754078191142996
153391_1,22.678934598305375,62.26335953925344
153391_2,82.00714922595415,54.62364790676433
153391_3,80.07717219589657,6.02242251054653
153391_5,17.626201442730252,64.92322932529883
153391_6,74.77902435357407,22.544130190489973
153391_9,29.55728532233937,63.17853697441415
153391_10,30.2652823762965,63.675253931972044
153391_11,97.23075776936112,44.48085546046099
153391_12,87.28054568541208,53.519473167144525
153391_13,31.734879487390458,3.1403064175769106
153391_14,76.60852590005251,18.609772129015074
153391_15,47.73012702182914,17.828555748753345
153391_16,90.20218765222485,46.56370052587606
153391_17,81.82755497843335,55.74598791673154
153391_18,91.5090772618896,67.27429982790315
153391_19,20.990145746789715,3.1544639760814412
153391_20,79.6184645621409,43.8080875923483
153391_21,70.24836416554214,32.72579880286456
153391_22,80.20271569482007,50.32651012870873
153391_24,69.48664070582207,56.74677123182089
153391_26,61.37596122308465,59.37490247738424
153391_27,90.58439761358342,14.187102460792214
153391_28,92.87881177871942,19.14750468734725
153391_29,70.36557059637691,60.951002905072144
153391_30,49.98334791153382,18.52940204402146
153391_31,60.63027676987692,3.913804623306013
153391_32,54.41842426420456,61.21247615533862
153391_33,89.77734922363236,56.77612578070662
153391_34,50.91686620544599,65.32960493479354
153391_35,47.356499988541614,63.23195367056122
153391_36,85.75784674257486,23.697806335749988
153391_37,45.66384751820556,63.19798922557536
153391_38,86.88459463914657,52.489670114244284
153391_39,40.447346070131886,62.92352583071228
153391_40,78.68752671605418,8.711410049181483
153391_41,17.912103856698913,62.0241509640458
153391_42,50.48488569835045,55.889724905258085
153391_43,51.938478436963074,14.479581066990903
153391_44,82.36529451550129,24.428997337074584
153391_45,73.6361905887288,4.954449552898314
153391_46,39.98396442654719,67.43322529398948
153391_47,79.51996146852309,61.14793383525024
153391_48,88.96933780757269,28.62043640543155
153391_49,67.52124470772463,56.198304443588874
153391_50,93.67610577962601,53.06007192462191
153391_51,91.17227400385774,53.95972095516239
153391_52,77.21477510560891,45.62206256307677
153391_53,35.42350466921314,59.257475596190616
153391_54,48.459023333584625,21.22468195105855
153391_55,84.14346408566193,48.04824844240896
153391_56,68.22662805035091,38.515985443049814
153391_57,54.67363320834963,2.8519275800877706
153391_58,43.013217081824536,58.93400709378545
153391_59,54.808597096117204,1.320752864402758
153391_60,63.098361779806346,10.992012434219191
153391_61,67.0485675931966,64.70144775163567
153391_63,90.93808772868073,27.62245139677521
153391_64,72.61288631885337,1.8311799166308464
153391_65,91.85831121318984,32.0681613278168
153391_66,97.76886328549125,58.01215895024855
153391_68,69.34273744387686,51.983455431186144
153391_69,59.83301732320777,61.31930013798757
153391_70,62.587110119004315,5.4048200913724225
153391_71,81.71493043643457,61.13242821694099
153391_72,61.86635622141552,3.5220141474260913
153391_73,85.08906641646578,15.48418875517898
153391_76,66.57129773675376,62.71175644111908
153391_77,82.2051654662551,15.051186286743924
153391_78,89.29879872991751,40.61257077471284
153391_79,90.50483352752194,17.015847656336447
153391_80,73.52022348873226,34.94889628466759
153391_81,39.482505296848686,67.45742429318373
153391_82,78.19444312822844,52.5163780001049
153391_83,84.9725852072181,8.650353936609363
153391_85,84.63730687652681,45.31609377761164
153391_86,79.77621712322807,6.972993893820932
153392_1,55.63418384361001,11.098559458960178
153392_2,74.70070866283606,8.541592553091089
153392_3,57.1759420613926,64.74247678519548
153392_4,81.27754923093327,0.0
153392_5,90.5631980822873,3.98911303149711
153392_6,93.87476957481175,43.578442584226735
153392_7,49.675999786624544,61.3020398559887
153392_8,88.67551652351248,43.83242011081527
153392_10,31.715404724516358,3.526559134420617
153392_11,75.67193889933597,26.111816687870714
153392_13,10.360298835663432,54.16890637764447
153392_14,75.69337696961686,62.1326771557707
153392_15,75.88772092502231,14.562271567040819
153392_17,66.70796881742164,59.08919365490738
153392_18,99.6814616310955,63.42872452656442
153392_20,25.72406084033276,57.90214698618118
153392_21,16.579133069336834,8.976067234803342
153392_22,91.03125119113342,33.07821835790005
153392_23,90.10976862230703,21.02683794073264
153392_24,95.0046934462734,8.904052787538038
153392_25,36.32211165481008,65.21214625083302
153392_26,89.28583958446094,23.121771633858906
153392_27,54.84654267744335,41.34795423554558
153392_29,43.01946396406851,11.399335165881018
153392_30,57.19857548207087,0.3704167332888595
153392_32,22.72517056426426,68.0
153392_33,22.621406468113857,66.68923667084664
153392_34,41.03997422343305,12.267002056531274
153392_35,51.26451128963111,7.19158659634281
153392_36,78.32382118790154,34.24527036362513
153392_37,44.151741111852424,39.9793369329317
153392_38,80.0945697685889,59.184412602410866
153392_39,75.23891861129492,5.45078127201471
153392_40,89.52091218358122,37.63028857872209
153392_41,89.48187599301396,57.08757560589961
153392_44,52.425015614462296,21.232102117465782
153392_45,51.77863059992824,51.282069517415266
153392_46,61.176897093375274,12.401301735248548
153392_47,53.34944663278053,6.65564497266319
153392_48,60.521677386534705,1.3535371649241892
153392_49,82.8207815317778,40.977617428427536
153392_50,81.82782540761936,50.85823005754264
153392_52,36.40848299902154,2.4845929190242817
153392_53,83.45937974360218,61.388223567186714
153392_54,91.92354065223306,52.77150637987352
153392_55,93.11813073239756,7.4217797216680435
153392_56,57.17643282978902,20.752615019791154
153392_57,47.776790362016385,39.82733115894491
153392_59,28.650866857349076,5.228053267031036
153392_60,19.11888790130255,0.11047428304287266
153392_62,71.51525672385762,4.884720884643423
153392_63,29.413296229500574,68.0
153392_64,79.48475879059424,23.238775552331326
153392_65,88.32485183175243,14.871248199755719
153392_66,53.713671543846466,5.214475799704185
153392_67,89.90980776828624,36.50467992487583
153392_68,55.91341602099499,31.32346458859177
153392_71,92.84252976335067,22.592053751565103
153392_72,91.11492743441504,38.27175355938166
153392_73,73.6736269053988,60.22996121053847
153392_74,82.73347241740288,60.53834849551147
153392_75,78.51686913268286,60.48378883792244
153392_76,72.33410118676875,22.93831172444707
153392_77,83.47588744127434,27.67608497933058
153392_78,87.6296140226385,18.73383668489394
153392_79,64.1632350109746,64.48333955162461
153392_80,40.16329171861065,10.141625868500682
153392_81,54.415581538091295,65.18464578857491
153392_82,84.25622565156068,50.1576351794522
153392_83,35.54960420934632,59.49722946302693
153392_84,75.17581426547918,6.759923401013605
153392_85,63.010331473235816,5.383893152053938
153392_86,81.78481487065781,61.82164048953983
153392_87,88.555499720835,61.631890831733635
153392_89,86.1487965257144,50.450158672454684
153392_90,87.75420093793778,34.61257464418095
153392_91,90.90001672216586,36.49834696058498
153392_92,57.81852752748564,41.6332551612951
153392_93,94.90125323553634,17.91588613773123
153392_95,92.57506477876561,29.375794342299756
153392_96,26.75674809267464,60.89657202961189
153392_97,14.800034742449597,1.5686814620761103
153392_98,40.733476450774184,3.314718846976877
153392_99,72.67690512743839,49.34291808254092
153392_100,88.84985293533425,15.316633296610423
153392_102,72.64051895920701,4.510355813862424
153392_103,35.6462216567359,37.305008719312475
153392_104,67.16354977490911,21.942756449740234
153392_105,90.62934861902126,38.89719912060834
153392_106,52.899584594520384,59.172701716072716
153392_107,80.94890009254236,39.51885048045884
153392_108,88.6617315062785,58.13180086026228
